emp_id,store_id,shift_date,hours,sales_generated
E1,ST32,2024-08-23,4,21119
E2,ST46,2024-02-08,7,31997
E3,ST5,2024-11-08,6,39813
E4,ST3,2024-06-12,8,6715
E5,ST42,2024-04-23,8,13114
E6,ST39,2024-01-07,4,44948
E7,ST44,2024-04-12,7,37102
E8,ST15,2024-05-28,4,46824
E9,ST2,2024-09-27,5,14858
E10,ST31,2024-10-28,6,48016
E11,ST33,2024-03-28,9,18482
E12,ST33,2024-07-05,8,40639
E13,ST14,2024-06-17,7,25398
E14,ST30,2024-11-05,9,14805
E15,ST34,2024-01-23,7,30351
E16,ST47,2024-11-24,6,37588
E17,ST49,2024-09-24,4,9420
E18,ST29,2024-05-15,4,7989
E19,ST8,2024-11-01,4,27317
E20,ST13,2024-08-26,8,20985
E21,ST49,2024-10-16,5,28343
E22,ST16,2024-12-05,7,23031
E23,ST25,2024-12-28,5,30700
E24,ST43,2024-12-17,6,2822
E25,ST40,2024-01-20,5,27774
E26,ST33,2024-11-21,7,3551
E27,ST39,2024-04-08,4,48652
E28,ST3,2024-08-12,4,8799
E29,ST13,2024-06-01,8,17784
E30,ST38,2024-04-13,8,31314
E31,ST46,2024-11-02,9,27947
E32,ST13,2024-06-29,9,33319
E33,ST26,2024-05-23,8,24772
E34,ST34,2024-12-23,7,19995
E35,ST11,2024-08-20,8,35920
E36,ST33,2024-08-31,8,2855
E37,ST21,2024-04-11,5,22621
E38,ST23,2024-11-18,5,33594
E39,ST40,2024-02-07,5,33073
E40,ST21,2024-08-12,8,29804
E41,ST39,2024-05-23,8,42638
E42,ST46,2024-12-16,6,3939
E43,ST18,2024-12-29,8,393
E44,ST11,2024-08-24,9,6291
E45,ST17,2024-06-01,8,22941
E46,ST49,2024-11-29,8,42338
E47,ST42,2024-11-03,9,49887
E48,ST1,2024-04-16,9,39482
E49,ST3,2024-10-28,5,30393
E50,ST5,2024-09-20,9,1534
E51,ST24,2024-09-25,8,45835
E52,ST39,2024-11-29,5,38957
E53,ST32,2024-09-27,5,6022
E54,ST18,2024-11-04,7,40465
E55,ST41,2024-11-06,8,15515
E56,ST46,2024-09-17,5,12652
E57,ST45,2024-10-21,5,29066
E58,ST40,2024-01-13,5,39521
E59,ST48,2024-11-18,8,5707
E60,ST20,2024-04-06,6,42827
E61,ST2,2024-01-19,8,1038
E62,ST8,2024-04-05,9,47029
E63,ST2,2024-11-04,8,45991
E64,ST43,2024-03-06,6,5138
E65,ST18,2024-04-30,8,34471
E66,ST10,2024-07-26,7,14772
E67,ST3,2024-09-17,7,649
E68,ST44,2024-12-23,9,38599
E69,ST2,2024-02-18,8,41877
E70,ST48,2024-02-27,7,11796
E71,ST34,2024-04-14,9,18067
E72,ST6,2024-09-10,5,7876
E73,ST47,2024-10-20,4,38912
E74,ST43,2024-11-01,9,5240
E75,ST21,2024-10-31,8,44152
E76,ST16,2024-02-25,9,13466
E77,ST46,2024-06-09,6,44323
E78,ST16,2024-01-02,5,10784
E79,ST2,2024-06-08,6,19545
E80,ST16,2024-01-12,6,43198
E81,ST32,2024-02-08,4,45197
E82,ST38,2024-02-20,7,14805
E83,ST16,2024-05-13,9,40811
E84,ST8,2024-01-15,6,6815
E85,ST47,2024-08-11,9,39946
E86,ST27,2024-10-29,8,16869
E87,ST4,2024-10-27,9,36188
E88,ST32,2024-10-27,8,26569
E89,ST21,2024-09-27,5,3965
E90,ST14,2024-09-22,9,7026
E91,ST50,2024-11-30,5,39027
E92,ST5,2024-04-12,6,12864
E93,ST24,2024-12-20,4,13488
E94,ST30,2024-09-24,9,49894
E95,ST36,2024-10-17,7,46163
E96,ST21,2024-09-16,4,605
E97,ST30,2024-05-17,4,11169
E98,ST24,2024-12-05,5,11836
E99,ST23,2024-06-19,7,40119
E100,ST32,2024-06-07,6,422
E101,ST26,2024-11-24,4,29289
E102,ST20,2024-11-10,6,18353
E103,ST34,2024-05-31,5,41451
E104,ST2,2024-09-01,6,26090
E105,ST9,2024-03-29,8,45686
E106,ST45,2024-09-07,7,14109
E107,ST15,2024-11-10,4,32879
E108,ST2,2024-03-13,5,31974
E109,ST1,2024-06-05,6,30349
E110,ST47,2024-11-25,5,32802
E111,ST21,2024-03-26,8,14644
E112,ST9,2024-04-27,5,5431
E113,ST48,2024-09-20,7,13340
E114,ST41,2024-10-08,9,22439
E115,ST27,2024-10-02,7,3392
E116,ST38,2024-12-02,7,29364
E117,ST48,2024-02-19,8,372
E118,ST50,2024-06-08,7,26466
E119,ST20,2024-05-13,8,40895
E120,ST22,2024-06-08,4,30800
E121,ST17,2024-02-01,8,30971
E122,ST50,2024-10-14,6,18953
E123,ST2,2024-05-08,7,24905
E124,ST15,2024-04-14,5,49920
E125,ST49,2024-01-11,8,25611
E126,ST9,2024-01-12,4,49550
E127,ST33,2024-01-21,6,14249
E128,ST45,2024-10-03,4,43360
E129,ST33,2024-05-17,4,2885
E130,ST4,2024-05-16,6,17645
E131,ST1,2024-10-14,7,12317
E132,ST9,2024-07-31,5,9333
E133,ST8,2024-01-18,6,17947
E134,ST16,2024-11-01,7,18537
E135,ST29,2024-06-15,7,36126
E136,ST44,2024-08-23,8,22800
E137,ST40,2024-11-22,9,35040
E138,ST10,2024-11-29,7,34772
E139,ST23,2024-12-26,6,42801
E140,ST10,2024-10-04,9,26034
E141,ST43,2024-08-08,7,15446
E142,ST30,2024-12-28,9,26306
E143,ST1,2024-10-13,8,27056
E144,ST48,2024-08-07,8,36187
E145,ST16,2024-09-30,5,31387
E146,ST6,2024-01-08,9,2768
E147,ST19,2024-12-30,9,18445
E148,ST34,2024-05-22,6,38351
E149,ST49,2024-01-07,9,29272
E150,ST17,2024-06-11,6,3842
E151,ST49,2024-02-05,5,33988
E152,ST11,2024-10-22,6,8030
E153,ST29,2024-08-16,4,35318
E154,ST35,2024-03-17,8,35139
E155,ST28,2024-06-17,9,39542
E156,ST13,2024-08-20,9,47042
E157,ST4,2024-01-11,4,10555
E158,ST16,2024-04-23,7,10982
E159,ST34,2024-12-21,5,12386
E160,ST21,2024-12-08,9,11702
E161,ST16,2024-09-09,4,47812
E162,ST20,2024-06-27,7,45645
E163,ST38,2024-05-30,6,30497
E164,ST35,2024-06-22,6,48758
E165,ST36,2024-09-12,7,39937
E166,ST17,2024-04-22,7,23037
E167,ST37,2024-02-11,7,32846
E168,ST23,2024-04-17,7,32033
E169,ST46,2024-02-03,7,1155
E170,ST35,2024-05-14,9,22121
E171,ST6,2024-10-19,5,29836
E172,ST1,2024-10-02,7,41544
E173,ST40,2024-06-05,6,3203
E174,ST1,2024-08-12,6,35358
E175,ST42,2024-07-17,5,15787
E176,ST3,2024-08-11,7,16695
E177,ST45,2024-01-05,8,16133
E178,ST15,2024-11-08,6,24006
E179,ST9,2024-01-15,7,41021
E180,ST34,2024-07-10,8,32869
E181,ST25,2024-04-27,8,26354
E182,ST17,2024-04-18,4,27669
E183,ST8,2024-02-14,8,23907
E184,ST2,2024-02-23,8,267
E185,ST6,2024-08-18,6,6575
E186,ST23,2024-09-14,8,19757
E187,ST50,2024-08-15,8,27079
E188,ST13,2024-01-16,6,42392
E189,ST33,2024-09-18,4,30842
E190,ST10,2024-11-23,4,43049
E191,ST35,2024-07-26,9,21117
E192,ST41,2024-12-25,7,47414
E193,ST22,2024-03-16,7,1560
E194,ST13,2024-01-02,8,26959
E195,ST5,2024-08-19,8,29264
E196,ST6,2024-05-18,7,32693
E197,ST41,2024-04-07,7,48489
E198,ST12,2024-11-26,8,38083
E199,ST23,2024-08-21,9,25711
E200,ST49,2024-05-02,9,10237
E201,ST43,2024-04-07,6,44257
E202,ST47,2024-05-07,6,33689
E203,ST29,2024-03-15,6,4209
E204,ST31,2024-12-20,7,42580
E205,ST2,2024-01-08,4,44991
E206,ST22,2024-05-17,7,22585
E207,ST18,2024-04-05,6,33208
E208,ST24,2024-06-28,5,16071
E209,ST14,2024-12-16,9,47043
E210,ST38,2024-09-16,6,16129
E211,ST41,2024-09-15,5,45394
E212,ST34,2024-01-30,6,42790
E213,ST49,2024-03-15,6,26434
E214,ST4,2024-06-23,5,36808
E215,ST10,2024-02-03,6,41711
E216,ST8,2024-03-07,5,37734
E217,ST38,2024-09-03,5,25197
E218,ST27,2024-11-08,7,34379
E219,ST30,2024-08-21,4,16651
E220,ST3,2024-03-15,7,19195
E221,ST39,2024-07-21,4,5112
E222,ST29,2024-11-04,4,1190
E223,ST32,2024-10-22,9,11719
E224,ST42,2024-03-17,6,49769
E225,ST49,2024-09-04,5,14322
E226,ST24,2024-09-01,4,12565
E227,ST28,2024-03-14,9,2519
E228,ST31,2024-12-23,4,32946
E229,ST19,2024-04-25,4,4186
E230,ST29,2024-04-07,5,36017
E231,ST16,2024-03-08,8,27024
E232,ST33,2024-03-29,4,38316
E233,ST35,2024-08-28,5,27322
E234,ST23,2024-08-14,5,27051
E235,ST18,2024-01-23,9,11881
E236,ST39,2024-01-11,8,9333
E237,ST37,2024-11-11,9,31535
E238,ST13,2024-02-03,7,43037
E239,ST17,2024-09-28,4,32867
E240,ST8,2024-06-02,8,6929
E241,ST45,2024-08-30,8,44907
E242,ST35,2024-12-23,7,9107
E243,ST17,2024-03-25,4,37307
E244,ST11,2024-08-26,9,37607
E245,ST19,2024-12-02,8,28526
E246,ST38,2024-02-19,8,2035
E247,ST50,2024-10-24,7,23600
E248,ST13,2024-03-21,8,1654
E249,ST34,2024-02-23,6,35954
E250,ST22,2024-11-23,4,3845
E251,ST20,2024-03-27,4,233
E252,ST36,2024-10-09,7,41399
E253,ST31,2024-09-10,8,42775
E254,ST31,2024-10-29,6,13627
E255,ST18,2024-10-08,9,1863
E256,ST28,2024-03-23,6,17529
E257,ST20,2024-01-04,6,49654
E258,ST34,2024-09-13,9,7156
E259,ST22,2024-04-17,8,4725
E260,ST50,2024-04-01,5,37968
E261,ST36,2024-07-20,7,9665
E262,ST8,2024-04-01,5,15765
E263,ST29,2024-03-01,7,2354
E264,ST22,2024-12-25,4,14898
E265,ST3,2024-06-19,4,24975
E266,ST45,2024-10-28,8,6439
E267,ST2,2024-07-26,7,41863
E268,ST9,2024-01-28,5,32703
E269,ST9,2024-11-16,4,2886
E270,ST26,2024-02-21,8,30211
E271,ST1,2024-03-19,4,8250
E272,ST41,2024-01-12,9,32325
E273,ST16,2024-12-17,5,21247
E274,ST43,2024-01-25,7,11982
E275,ST18,2024-09-08,9,3412
E276,ST39,2024-08-26,6,18302
E277,ST31,2024-06-12,4,5686
E278,ST46,2024-08-16,7,20093
E279,ST1,2024-05-28,9,41798
E280,ST46,2024-09-11,4,9858
E281,ST1,2024-08-25,7,41700
E282,ST46,2024-01-10,5,47742
E283,ST24,2024-02-20,6,22037
E284,ST14,2024-10-09,4,17945
E285,ST23,2024-01-18,8,9723
E286,ST48,2024-08-29,8,771
E287,ST8,2024-07-01,4,39797
E288,ST2,2024-08-13,7,32015
E289,ST5,2024-11-30,9,3774
E290,ST38,2024-05-12,7,47741
E291,ST33,2024-10-19,4,17146
E292,ST4,2024-11-03,7,17808
E293,ST39,2024-08-18,4,35346
E294,ST8,2024-08-13,5,36595
E295,ST29,2024-11-11,9,38990
E296,ST29,2024-10-07,6,44806
E297,ST37,2024-10-15,7,36417
E298,ST38,2024-08-12,6,21814
E299,ST30,2024-09-27,5,36474
E300,ST47,2024-01-01,8,11623
E301,ST12,2024-06-14,5,39148
E302,ST40,2024-06-21,5,38391
E303,ST8,2024-05-14,7,16598
E304,ST48,2024-01-12,9,11719
E305,ST47,2024-11-19,9,36880
E306,ST19,2024-06-02,8,28838
E307,ST3,2024-07-18,6,22023
E308,ST40,2024-02-19,8,2104
E309,ST23,2024-12-17,5,36841
E310,ST16,2024-11-05,8,5430
E311,ST50,2024-02-12,7,14323
E312,ST46,2024-12-23,7,6681
E313,ST28,2024-06-03,5,10206
E314,ST26,2024-05-23,4,26292
E315,ST50,2024-08-30,8,49952
E316,ST12,2024-12-13,6,42141
E317,ST44,2024-12-07,5,4701
E318,ST24,2024-11-15,4,30740
E319,ST49,2024-10-25,9,29092
E320,ST14,2024-09-12,8,9876
E321,ST18,2024-12-22,4,36252
E322,ST44,2024-07-28,5,44039
E323,ST40,2024-05-03,8,13491
E324,ST23,2024-03-04,4,22182
E325,ST15,2024-08-10,4,44868
E326,ST3,2024-02-18,7,43789
E327,ST40,2024-12-03,5,8276
E328,ST10,2024-04-28,6,14975
E329,ST32,2024-10-30,5,39822
E330,ST9,2024-12-21,5,49053
E331,ST9,2024-09-24,7,43298
E332,ST45,2024-07-04,6,21416
E333,ST46,2024-05-31,7,11188
E334,ST22,2024-09-15,9,43068
E335,ST2,2024-12-07,5,31485
E336,ST45,2024-09-14,4,49196
E337,ST33,2024-08-03,4,25690
E338,ST32,2024-09-20,5,33408
E339,ST11,2024-04-10,8,39840
E340,ST26,2024-05-08,5,36730
E341,ST30,2024-09-09,5,11626
E342,ST16,2024-10-28,9,33981
E343,ST17,2024-09-16,8,12693
E344,ST25,2024-03-12,8,45874
E345,ST24,2024-08-04,7,19268
E346,ST10,2024-02-01,9,48182
E347,ST5,2024-09-28,4,11802
E348,ST29,2024-01-31,8,40875
E349,ST39,2024-05-12,9,8526
E350,ST44,2024-05-20,9,41558
E351,ST48,2024-05-15,5,11835
E352,ST16,2024-07-13,6,6452
E353,ST22,2024-02-02,6,38288
E354,ST41,2024-05-11,7,23261
E355,ST48,2024-05-29,6,24355
E356,ST44,2024-11-09,4,19201
E357,ST37,2024-12-19,5,352
E358,ST9,2024-08-25,9,44656
E359,ST34,2024-08-18,6,25875
E360,ST1,2024-12-28,4,25609
E361,ST18,2024-03-21,6,21444
E362,ST19,2024-04-05,5,569
E363,ST50,2024-01-26,7,14800
E364,ST17,2024-06-29,4,25902
E365,ST39,2024-03-01,8,33982
E366,ST21,2024-05-03,8,13042
E367,ST16,2024-01-04,6,34470
E368,ST34,2024-05-24,8,45117
E369,ST47,2024-12-02,4,7377
E370,ST20,2024-01-12,8,3131
E371,ST38,2024-07-25,4,24564
E372,ST3,2024-05-18,9,8520
E373,ST10,2024-08-06,9,31743
E374,ST32,2024-09-26,8,46879
E375,ST44,2024-01-15,9,34238
E376,ST9,2024-09-25,7,41471
E377,ST14,2024-10-16,6,37414
E378,ST35,2024-09-17,4,13457
E379,ST26,2024-03-10,7,38401
E380,ST4,2024-08-08,6,1679
E381,ST2,2024-02-12,7,28110
E382,ST1,2024-10-06,8,47538
E383,ST50,2024-10-31,4,30547
E384,ST2,2024-02-02,5,47669
E385,ST4,2024-09-14,7,3767
E386,ST30,2024-10-16,5,35687
E387,ST4,2024-07-28,4,5614
E388,ST20,2024-08-01,8,32317
E389,ST37,2024-03-07,9,12775
E390,ST9,2024-07-26,8,16710
E391,ST23,2024-11-27,9,38225
E392,ST28,2024-04-26,5,11224
E393,ST32,2024-06-15,6,44876
E394,ST21,2024-02-20,5,41659
E395,ST33,2024-12-12,5,29639
E396,ST39,2024-03-11,5,48474
E397,ST46,2024-12-11,5,10259
E398,ST27,2024-07-09,4,41023
E399,ST7,2024-12-12,4,41057
E400,ST44,2024-05-21,5,39235
E401,ST19,2024-05-20,5,41166
E402,ST5,2024-03-18,8,20940
E403,ST8,2024-07-30,7,12208
E404,ST32,2024-08-11,4,7765
E405,ST45,2024-02-08,9,28953
E406,ST37,2024-11-17,6,4849
E407,ST47,2024-12-01,9,17843
E408,ST30,2024-07-28,6,1596
E409,ST41,2024-07-06,6,28414
E410,ST42,2024-07-10,7,46075
E411,ST32,2024-12-18,9,32264
E412,ST46,2024-10-29,9,11268
E413,ST4,2024-08-08,9,31901
E414,ST39,2024-09-06,8,17667
E415,ST6,2024-08-04,7,5790
E416,ST3,2024-01-10,5,49933
E417,ST2,2024-11-15,8,24344
E418,ST21,2024-11-28,8,4720
E419,ST30,2024-01-03,5,19055
E420,ST27,2024-07-06,6,18882
E421,ST14,2024-03-27,6,2625
E422,ST45,2024-11-20,4,29206
E423,ST29,2024-07-27,6,5423
E424,ST16,2024-08-08,7,32928
E425,ST45,2024-06-08,8,16795
E426,ST49,2024-12-25,9,25918
E427,ST44,2024-10-16,4,37255
E428,ST50,2024-12-24,4,41379
E429,ST49,2024-03-16,6,33153
E430,ST4,2024-10-20,4,5911
E431,ST14,2024-03-25,4,26005
E432,ST16,2024-05-29,5,30743
E433,ST11,2024-10-12,9,29949
E434,ST31,2024-06-29,6,24004
E435,ST36,2024-03-24,6,44890
E436,ST29,2024-07-17,8,49120
E437,ST10,2024-10-20,7,37812
E438,ST47,2024-11-08,4,17492
E439,ST38,2024-10-15,4,19152
E440,ST44,2024-10-10,9,41145
E441,ST38,2024-09-10,9,16418
E442,ST28,2024-07-09,7,33014
E443,ST35,2024-06-30,9,14774
E444,ST33,2024-05-13,7,6445
E445,ST31,2024-04-04,4,45208
E446,ST8,2024-02-05,7,47316
E447,ST31,2024-11-25,9,25335
E448,ST48,2024-04-27,5,46730
E449,ST5,2024-05-26,7,43799
E450,ST39,2024-01-08,6,29261
E451,ST38,2024-06-17,4,26952
E452,ST21,2024-04-20,4,36869
E453,ST43,2024-08-04,7,34584
E454,ST25,2024-09-02,9,39327
E455,ST42,2024-09-27,8,5423
E456,ST9,2024-05-29,9,11830
E457,ST21,2024-03-26,5,17116
E458,ST2,2024-02-25,6,8611
E459,ST37,2024-09-30,7,12067
E460,ST6,2024-04-16,9,17276
E461,ST20,2024-01-24,8,26742
E462,ST13,2024-08-14,7,28284
E463,ST14,2024-07-13,9,21431
E464,ST3,2024-09-30,4,891
E465,ST44,2024-12-10,6,28578
E466,ST41,2024-03-24,7,29836
E467,ST44,2024-02-08,4,26992
E468,ST41,2024-03-29,5,19771
E469,ST25,2024-07-07,4,29978
E470,ST15,2024-11-28,9,18506
E471,ST42,2024-11-29,7,20229
E472,ST13,2024-12-15,7,49207
E473,ST28,2024-02-13,5,17065
E474,ST43,2024-08-19,7,8157
E475,ST4,2024-10-10,8,3808
E476,ST38,2024-10-12,5,14373
E477,ST26,2024-02-20,9,31158
E478,ST45,2024-10-15,6,17426
E479,ST19,2024-12-31,4,1012
E480,ST1,2024-11-15,6,39788
E481,ST42,2024-10-10,9,29909
E482,ST29,2024-03-13,5,12134
E483,ST28,2024-08-14,8,16524
E484,ST35,2024-11-05,5,5699
E485,ST13,2024-06-25,8,29596
E486,ST45,2024-01-07,7,44637
E487,ST33,2024-04-21,5,20184
E488,ST5,2024-11-11,6,6158
E489,ST14,2024-09-13,4,4235
E490,ST9,2024-02-20,5,2580
E491,ST4,2024-10-20,4,24401
E492,ST2,2024-03-06,5,10490
E493,ST14,2024-03-14,5,24267
E494,ST3,2024-04-08,5,37936
E495,ST4,2024-07-05,9,16412
E496,ST45,2024-04-17,7,11197
E497,ST7,2024-08-13,6,15017
E498,ST15,2024-09-12,7,48405
E499,ST28,2024-07-08,6,39162
E500,ST4,2024-06-15,9,1511
E501,ST48,2024-08-22,4,15966
E502,ST12,2024-03-03,7,46318
E503,ST17,2024-06-08,4,34966
E504,ST17,2024-03-25,5,21044
E505,ST6,2024-08-15,7,1005
E506,ST44,2024-01-15,7,48510
E507,ST48,2024-05-08,5,43390
E508,ST3,2024-06-05,8,20007
E509,ST12,2024-04-03,4,45174
E510,ST34,2024-08-31,6,49219
E511,ST1,2024-10-15,6,42757
E512,ST5,2024-03-28,6,25902
E513,ST6,2024-11-21,7,14089
E514,ST15,2024-01-10,6,33054
E515,ST21,2024-06-22,6,26438
E516,ST48,2024-06-23,5,49549
E517,ST34,2024-01-18,4,10869
E518,ST9,2024-01-10,7,10629
E519,ST8,2024-04-01,5,39396
E520,ST36,2024-10-16,5,29497
E521,ST5,2024-10-24,9,1651
E522,ST26,2024-04-07,7,18286
E523,ST9,2024-03-31,5,28177
E524,ST21,2024-10-24,8,35291
E525,ST43,2024-04-22,9,17258
E526,ST23,2024-09-27,7,9216
E527,ST23,2024-11-04,4,29368
E528,ST28,2024-01-01,9,11600
E529,ST7,2024-08-30,9,36026
E530,ST34,2024-04-14,7,8089
E531,ST29,2024-08-31,5,18612
E532,ST24,2024-08-05,9,32913
E533,ST27,2024-07-08,9,40549
E534,ST21,2024-04-09,5,3095
E535,ST34,2024-10-18,4,21777
E536,ST12,2024-12-20,4,39662
E537,ST17,2024-08-25,9,15566
E538,ST6,2024-07-09,8,31651
E539,ST1,2024-09-18,7,18521
E540,ST9,2024-05-29,6,18131
E541,ST42,2024-05-14,5,10309
E542,ST22,2024-12-01,6,19546
E543,ST38,2024-06-26,5,15486
E544,ST1,2024-06-16,4,23623
E545,ST28,2024-05-21,6,47189
E546,ST16,2024-11-04,5,14372
E547,ST10,2024-05-15,7,24225
E548,ST29,2024-08-21,7,36079
E549,ST46,2024-12-12,7,27105
E550,ST14,2024-04-25,5,9627
E551,ST46,2024-11-29,9,11710
E552,ST13,2024-11-10,7,44488
E553,ST2,2024-12-25,8,1565
E554,ST20,2024-03-12,8,30949
E555,ST2,2024-07-09,4,48168
E556,ST18,2024-11-30,6,15623
E557,ST5,2024-08-02,9,25850
E558,ST26,2024-12-14,5,15623
E559,ST4,2024-03-13,9,5128
E560,ST39,2024-06-10,7,15594
E561,ST31,2024-06-09,7,31585
E562,ST4,2024-04-15,4,49304
E563,ST45,2024-03-18,5,27528
E564,ST11,2024-02-21,5,9279
E565,ST2,2024-07-07,7,12034
E566,ST9,2024-09-07,5,5624
E567,ST13,2024-02-08,7,39391
E568,ST42,2024-04-18,8,45594
E569,ST16,2024-03-03,7,46205
E570,ST18,2024-09-12,4,2546
E571,ST37,2024-03-31,4,44097
E572,ST29,2024-07-21,7,35444
E573,ST32,2024-02-04,5,39761
E574,ST18,2024-01-18,6,2106
E575,ST27,2024-03-11,9,27303
E576,ST14,2024-10-01,8,14103
E577,ST9,2024-06-18,6,45206
E578,ST34,2024-09-07,8,21416
E579,ST11,2024-12-13,8,30972
E580,ST23,2024-09-19,5,14128
E581,ST25,2024-05-09,8,42177
E582,ST18,2024-02-01,4,7740
E583,ST40,2024-08-09,4,3048
E584,ST7,2024-11-18,8,7231
E585,ST33,2024-11-24,7,47009
E586,ST29,2024-11-03,6,26906
E587,ST6,2024-09-10,5,30783
E588,ST4,2024-09-27,8,2414
E589,ST17,2024-07-16,8,13115
E590,ST26,2024-08-04,8,42786
E591,ST44,2024-08-25,4,15412
E592,ST17,2024-06-24,4,42361
E593,ST41,2024-02-29,6,39679
E594,ST28,2024-01-04,5,42107
E595,ST37,2024-05-28,8,49222
E596,ST2,2024-03-07,4,10380
E597,ST10,2024-07-13,4,26059
E598,ST31,2024-02-08,7,43634
E599,ST37,2024-09-12,8,6732
E600,ST19,2024-03-07,8,15668
E601,ST9,2024-10-08,5,11280
E602,ST43,2024-11-20,9,1208
E603,ST49,2024-11-09,9,30011
E604,ST26,2024-09-26,9,2125
E605,ST47,2024-09-22,7,44918
E606,ST36,2024-05-16,8,16786
E607,ST34,2024-08-17,4,34978
E608,ST18,2024-05-10,6,37009
E609,ST18,2024-07-21,5,25104
E610,ST11,2024-04-11,8,46931
E611,ST46,2024-06-24,8,1828
E612,ST13,2024-10-20,4,15766
E613,ST34,2024-10-21,6,458
E614,ST17,2024-02-12,4,18989
E615,ST30,2024-12-30,4,2182
E616,ST19,2024-03-07,9,33174
E617,ST27,2024-09-18,6,45658
E618,ST48,2024-10-28,4,30932
E619,ST30,2024-03-18,4,34964
E620,ST47,2024-01-16,4,10553
E621,ST19,2024-06-01,6,8159
E622,ST27,2024-10-26,4,945
E623,ST11,2024-05-01,6,2715
E624,ST34,2024-08-28,8,7268
E625,ST37,2024-01-27,9,40001
E626,ST16,2024-11-05,9,14705
E627,ST36,2024-02-25,8,6664
E628,ST19,2024-04-10,4,29730
E629,ST3,2024-07-05,7,33510
E630,ST40,2024-07-29,8,42862
E631,ST2,2024-12-01,6,34876
E632,ST46,2024-12-15,9,12867
E633,ST43,2024-03-12,8,469
E634,ST37,2024-04-03,9,4485
E635,ST12,2024-09-20,8,49251
E636,ST18,2024-04-10,4,49619
E637,ST9,2024-10-11,6,36850
E638,ST31,2024-08-29,7,6027
E639,ST49,2024-08-15,6,35130
E640,ST48,2024-12-21,8,3904
E641,ST30,2024-05-19,8,44840
E642,ST17,2024-09-25,4,11778
E643,ST13,2024-05-19,7,8317
E644,ST15,2024-09-22,9,29354
E645,ST7,2024-06-20,5,12919
E646,ST42,2024-07-05,9,25812
E647,ST16,2024-05-31,7,24257
E648,ST1,2024-06-13,6,14431
E649,ST16,2024-06-19,4,24860
E650,ST36,2024-04-21,9,5294
E651,ST42,2024-12-10,5,44507
E652,ST1,2024-09-20,5,41184
E653,ST44,2024-07-10,9,43929
E654,ST1,2024-03-07,6,4348
E655,ST50,2024-07-19,4,16014
E656,ST49,2024-03-14,5,45356
E657,ST37,2024-10-28,4,29657
E658,ST22,2024-04-01,6,42184
E659,ST28,2024-07-28,6,15828
E660,ST50,2024-03-12,4,41363
E661,ST35,2024-08-20,9,43290
E662,ST18,2024-08-19,9,4800
E663,ST48,2024-05-15,6,43784
E664,ST44,2024-07-05,9,25979
E665,ST11,2024-02-05,9,4025
E666,ST17,2024-12-17,6,8498
E667,ST39,2024-01-21,5,36773
E668,ST37,2024-09-15,4,42579
E669,ST31,2024-03-28,6,7544
E670,ST41,2024-01-16,7,2706
E671,ST32,2024-07-29,7,27914
E672,ST48,2024-02-24,6,1405
E673,ST33,2024-05-29,8,25421
E674,ST50,2024-10-04,7,44248
E675,ST38,2024-04-22,5,22603
E676,ST16,2024-11-28,5,24492
E677,ST34,2024-01-09,5,46210
E678,ST14,2024-03-24,6,46438
E679,ST36,2024-01-24,9,18685
E680,ST15,2024-02-17,6,49615
E681,ST17,2024-09-18,9,3389
E682,ST9,2024-04-29,7,1280
E683,ST14,2024-03-27,5,33290
E684,ST45,2024-12-25,5,6016
E685,ST24,2024-10-12,8,42092
E686,ST11,2024-10-09,6,28977
E687,ST29,2024-08-13,7,3917
E688,ST25,2024-08-12,7,23550
E689,ST4,2024-04-26,6,39149
E690,ST32,2024-07-04,9,37599
E691,ST32,2024-09-22,5,47481
E692,ST3,2024-03-12,4,388
E693,ST6,2024-07-24,9,21922
E694,ST19,2024-05-08,9,14986
E695,ST17,2024-03-14,7,32000
E696,ST48,2024-01-04,9,49926
E697,ST5,2024-07-05,6,43477
E698,ST10,2024-02-10,5,30
E699,ST27,2024-03-30,5,9488
E700,ST36,2024-08-30,9,3601
E701,ST32,2024-07-19,5,20558
E702,ST21,2024-10-19,8,9468
E703,ST48,2024-04-23,9,28534
E704,ST32,2024-05-29,5,11892
E705,ST43,2024-03-28,8,29157
E706,ST34,2024-08-14,9,25954
E707,ST49,2024-04-30,6,34639
E708,ST15,2024-10-18,5,24680
E709,ST9,2024-08-10,6,21085
E710,ST2,2024-07-04,7,24674
E711,ST39,2024-05-22,9,44688
E712,ST45,2024-07-07,5,26446
E713,ST6,2024-08-14,8,41129
E714,ST27,2024-03-31,7,7409
E715,ST21,2024-04-17,6,29466
E716,ST34,2024-06-18,4,44992
E717,ST40,2024-08-13,6,19229
E718,ST22,2024-01-25,7,46331
E719,ST8,2024-03-04,7,22596
E720,ST20,2024-10-26,9,17600
E721,ST38,2024-09-18,7,4611
E722,ST9,2024-01-04,5,49290
E723,ST19,2024-03-06,6,2188
E724,ST32,2024-08-18,9,777
E725,ST11,2024-01-14,6,39787
E726,ST28,2024-10-17,8,23540
E727,ST49,2024-11-28,6,39639
E728,ST36,2024-09-06,8,29139
E729,ST21,2024-05-02,4,22102
E730,ST2,2024-08-08,5,45672
E731,ST7,2024-04-23,9,47785
E732,ST25,2024-06-10,9,24674
E733,ST42,2024-06-02,6,25771
E734,ST36,2024-08-22,4,15194
E735,ST21,2024-11-07,6,13134
E736,ST38,2024-12-11,8,42647
E737,ST41,2024-09-04,9,23837
E738,ST13,2024-03-18,4,22976
E739,ST26,2024-07-21,6,33532
E740,ST23,2024-05-15,4,7234
E741,ST13,2024-12-11,4,13798
E742,ST36,2024-09-10,9,32279
E743,ST29,2024-05-12,5,11551
E744,ST9,2024-07-04,5,28606
E745,ST20,2024-01-12,4,35459
E746,ST21,2024-09-11,9,40960
E747,ST41,2024-07-13,6,47495
E748,ST8,2024-08-24,4,38189
E749,ST26,2024-04-03,6,32907
E750,ST38,2024-01-20,8,11392
E751,ST27,2024-10-15,7,4301
E752,ST23,2024-05-25,6,7640
E753,ST31,2024-03-15,5,667
E754,ST14,2024-01-07,6,24775
E755,ST17,2024-03-30,7,35903
E756,ST8,2024-09-15,4,38311
E757,ST10,2024-09-01,8,21208
E758,ST15,2024-01-17,8,35894
E759,ST31,2024-04-11,7,2390
E760,ST23,2024-07-19,8,38715
E761,ST34,2024-03-21,6,48747
E762,ST23,2024-04-12,4,49380
E763,ST21,2024-09-06,6,30760
E764,ST10,2024-04-29,7,13007
E765,ST22,2024-01-23,9,39994
E766,ST42,2024-09-14,5,38339
E767,ST29,2024-04-14,8,12195
E768,ST49,2024-05-05,9,6944
E769,ST17,2024-11-06,7,31084
E770,ST28,2024-04-23,4,18924
E771,ST40,2024-01-15,5,1520
E772,ST23,2024-08-29,4,43229
E773,ST44,2024-10-26,6,37932
E774,ST1,2024-08-16,5,22392
E775,ST42,2024-07-15,8,23601
E776,ST2,2024-12-16,5,45686
E777,ST17,2024-12-26,6,34475
E778,ST34,2024-10-31,8,4035
E779,ST13,2024-11-14,9,37719
E780,ST7,2024-08-16,6,31712
E781,ST26,2024-10-17,6,17684
E782,ST28,2024-01-19,8,3040
E783,ST7,2024-06-29,8,17581
E784,ST9,2024-08-07,6,48352
E785,ST47,2024-01-02,6,45768
E786,ST25,2024-06-28,8,48542
E787,ST41,2024-07-05,6,4829
E788,ST39,2024-09-20,4,38159
E789,ST44,2024-02-09,4,16437
E790,ST8,2024-01-30,4,3362
E791,ST7,2024-01-12,4,16856
E792,ST6,2024-06-25,6,49463
E793,ST10,2024-04-25,6,48575
E794,ST27,2024-04-12,5,18587
E795,ST20,2024-09-29,5,33494
E796,ST3,2024-11-17,5,27420
E797,ST30,2024-05-03,9,47545
E798,ST30,2024-01-23,9,48279
E799,ST32,2024-06-15,9,16019
E800,ST31,2024-05-06,5,45722
E801,ST21,2024-10-09,6,30432
E802,ST20,2024-07-03,5,18777
E803,ST12,2024-01-19,6,22075
E804,ST35,2024-06-20,4,23446
E805,ST18,2024-05-01,6,18540
E806,ST23,2024-11-17,9,29498
E807,ST28,2024-10-14,5,32474
E808,ST14,2024-10-15,6,5210
E809,ST48,2024-06-19,6,42263
E810,ST8,2024-09-09,8,8631
E811,ST16,2024-08-19,5,11955
E812,ST49,2024-10-05,9,33320
E813,ST1,2024-01-14,7,46273
E814,ST5,2024-07-26,7,31073
E815,ST5,2024-12-19,6,9109
E816,ST23,2024-07-03,8,29809
E817,ST18,2024-07-04,9,39873
E818,ST35,2024-10-22,9,10983
E819,ST4,2024-10-26,6,8297
E820,ST29,2024-10-29,5,25303
E821,ST16,2024-12-05,4,47909
E822,ST20,2024-12-29,6,49511
E823,ST23,2024-02-15,7,37077
E824,ST5,2024-04-15,6,9026
E825,ST48,2024-08-15,5,1769
E826,ST37,2024-04-25,5,12452
E827,ST50,2024-02-22,7,35201
E828,ST29,2024-01-29,9,42424
E829,ST1,2024-09-07,7,32334
E830,ST1,2024-02-22,8,24876
E831,ST31,2024-05-16,8,2100
E832,ST43,2024-11-24,4,35916
E833,ST8,2024-10-07,9,2515
E834,ST33,2024-02-16,9,35191
E835,ST41,2024-03-21,7,1854
E836,ST50,2024-11-22,9,13997
E837,ST32,2024-09-28,8,49370
E838,ST40,2024-10-19,9,40159
E839,ST18,2024-09-30,7,45569
E840,ST8,2024-07-02,6,48270
E841,ST25,2024-03-22,8,40452
E842,ST40,2024-05-15,7,258
E843,ST13,2024-04-22,7,18265
E844,ST48,2024-02-26,6,45858
E845,ST48,2024-12-10,7,4051
E846,ST22,2024-01-20,8,45631
E847,ST7,2024-11-08,9,27092
E848,ST32,2024-04-19,8,26527
E849,ST30,2024-05-04,4,24320
E850,ST4,2024-03-15,4,18044
E851,ST36,2024-02-21,8,21551
E852,ST19,2024-12-23,4,48401
E853,ST26,2024-04-06,4,10384
E854,ST14,2024-01-30,6,43550
E855,ST15,2024-09-06,5,11228
E856,ST8,2024-12-02,9,14261
E857,ST35,2024-04-12,4,7116
E858,ST12,2024-10-04,5,49467
E859,ST4,2024-02-20,9,3838
E860,ST12,2024-07-25,4,8264
E861,ST32,2024-03-14,5,2133
E862,ST41,2024-12-23,9,35177
E863,ST33,2024-05-08,7,3089
E864,ST10,2024-02-15,5,30586
E865,ST25,2024-03-19,5,3345
E866,ST43,2024-10-24,7,31826
E867,ST43,2024-02-11,7,3436
E868,ST40,2024-12-14,4,20581
E869,ST17,2024-11-15,4,40126
E870,ST11,2024-03-19,5,6428
E871,ST42,2024-01-19,8,5842
E872,ST42,2024-05-21,5,33022
E873,ST45,2024-01-15,8,17999
E874,ST49,2024-06-27,7,17586
E875,ST31,2024-07-29,5,1567
E876,ST15,2024-08-06,9,27412
E877,ST14,2024-01-16,4,16285
E878,ST11,2024-07-29,6,31525
E879,ST11,2024-11-04,9,33419
E880,ST50,2024-11-06,9,26298
E881,ST16,2024-09-11,4,35163
E882,ST42,2024-01-23,6,23565
E883,ST2,2024-06-12,8,48454
E884,ST27,2024-05-25,9,41488
E885,ST21,2024-10-27,4,28236
E886,ST40,2024-12-09,5,2553
E887,ST32,2024-03-29,6,16634
E888,ST18,2024-08-27,9,32388
E889,ST45,2024-08-23,7,31721
E890,ST21,2024-06-21,5,38530
E891,ST14,2024-01-07,4,6324
E892,ST10,2024-07-15,7,15490
E893,ST5,2024-12-26,7,36231
E894,ST1,2024-08-03,7,15409
E895,ST15,2024-03-24,7,18541
E896,ST23,2024-07-31,5,30278
E897,ST26,2024-07-20,8,40010
E898,ST4,2024-09-01,9,11223
E899,ST26,2024-10-28,7,23482
E900,ST23,2024-02-02,8,10260
E901,ST28,2024-09-27,8,30099
E902,ST47,2024-02-03,4,46684
E903,ST43,2024-03-19,5,34633
E904,ST13,2024-09-21,7,15823
E905,ST16,2024-12-12,6,48585
E906,ST10,2024-11-15,4,28965
E907,ST43,2024-05-01,9,22816
E908,ST46,2024-10-10,5,9849
E909,ST10,2024-09-21,5,8132
E910,ST1,2024-09-05,8,44602
E911,ST22,2024-11-01,4,34134
E912,ST38,2024-06-12,5,11951
E913,ST28,2024-09-21,4,25193
E914,ST6,2024-09-07,5,15042
E915,ST46,2024-01-31,8,28664
E916,ST28,2024-08-22,9,42533
E917,ST24,2024-10-27,7,35873
E918,ST45,2024-09-27,7,22659
E919,ST41,2024-09-01,9,22406
E920,ST29,2024-03-06,5,22356
E921,ST6,2024-03-03,5,18795
E922,ST1,2024-04-28,4,30537
E923,ST29,2024-04-19,8,33759
E924,ST5,2024-04-16,4,45388
E925,ST50,2024-04-25,9,39892
E926,ST12,2024-01-27,4,82
E927,ST8,2024-07-10,6,14650
E928,ST43,2024-07-06,6,29053
E929,ST7,2024-11-07,9,2492
E930,ST6,2024-11-22,7,7473
E931,ST8,2024-07-06,8,18298
E932,ST35,2024-08-08,8,1107
E933,ST26,2024-10-02,7,20271
E934,ST1,2024-12-24,8,38299
E935,ST27,2024-11-02,6,37577
E936,ST28,2024-03-12,6,49772
E937,ST48,2024-06-26,6,6164
E938,ST31,2024-07-17,9,8821
E939,ST42,2024-03-28,4,39524
E940,ST50,2024-12-07,5,7467
E941,ST48,2024-05-27,9,6990
E942,ST10,2024-05-07,7,40773
E943,ST28,2024-05-15,4,18722
E944,ST12,2024-09-12,8,21559
E945,ST15,2024-04-30,9,6262
E946,ST2,2024-07-25,5,17876
E947,ST18,2024-01-22,8,13712
E948,ST44,2024-02-04,9,5913
E949,ST43,2024-10-24,7,2366
E950,ST23,2024-07-23,5,46113
E951,ST10,2024-08-07,9,43462
E952,ST6,2024-10-02,6,20227
E953,ST17,2024-04-02,6,7420
E954,ST49,2024-11-20,5,23049
E955,ST49,2024-05-07,6,23526
E956,ST3,2024-01-27,6,45902
E957,ST1,2024-11-20,9,17847
E958,ST10,2024-10-02,9,20975
E959,ST4,2024-01-23,6,15394
E960,ST37,2024-08-11,7,27168
E961,ST13,2024-01-12,5,14360
E962,ST28,2024-08-28,5,45230
E963,ST31,2024-10-31,4,19438
E964,ST17,2024-12-17,8,23050
E965,ST35,2024-07-26,8,20001
E966,ST17,2024-06-03,4,38051
E967,ST4,2024-03-05,8,29072
E968,ST14,2024-11-02,6,48651
E969,ST37,2024-11-28,9,18639
E970,ST33,2024-08-18,5,33376
E971,ST12,2024-10-21,4,34761
E972,ST2,2024-01-16,7,30988
E973,ST6,2024-01-05,6,23249
E974,ST45,2024-05-01,7,39636
E975,ST34,2024-06-19,6,30318
E976,ST50,2024-02-26,9,37718
E977,ST40,2024-04-06,4,9710
E978,ST29,2024-10-02,5,9430
E979,ST11,2024-08-17,7,4771
E980,ST10,2024-12-17,9,1732
E981,ST36,2024-06-24,5,39270
E982,ST19,2024-06-26,6,19927
E983,ST2,2024-01-02,5,3851
E984,ST2,2024-05-19,5,42578
E985,ST13,2024-02-22,9,7673
E986,ST31,2024-01-12,5,32088
E987,ST40,2024-06-10,5,49265
E988,ST1,2024-04-14,5,9125
E989,ST14,2024-06-10,8,460
E990,ST16,2024-09-24,5,9943
E991,ST13,2024-01-17,7,41981
E992,ST47,2024-09-18,8,34370
E993,ST47,2024-01-30,9,14324
E994,ST25,2024-03-26,7,49739
E995,ST38,2024-12-08,6,17892
E996,ST7,2024-07-26,7,28225
E997,ST30,2024-08-22,8,6803
E998,ST17,2024-10-08,6,14375
E999,ST43,2024-04-20,9,25633
E1000,ST24,2024-10-22,6,5262
E1001,ST38,2024-06-07,5,41568
E1002,ST17,2024-10-28,7,7873
E1003,ST17,2024-03-07,5,26786
E1004,ST25,2024-12-09,5,15457
E1005,ST42,2024-03-31,5,7258
E1006,ST9,2024-05-03,5,35486
E1007,ST3,2024-09-02,8,13492
E1008,ST45,2024-12-21,9,13277
E1009,ST46,2024-08-22,7,23551
E1010,ST32,2024-05-04,8,34521
E1011,ST3,2024-03-08,9,43351
E1012,ST1,2024-04-14,8,6840
E1013,ST40,2024-02-28,6,17472
E1014,ST8,2024-07-28,5,35058
E1015,ST30,2024-10-22,7,31653
E1016,ST35,2024-06-03,7,22886
E1017,ST27,2024-08-17,7,31445
E1018,ST13,2024-05-19,7,31369
E1019,ST6,2024-06-07,5,33325
E1020,ST32,2024-06-04,6,16666
E1021,ST3,2024-04-21,9,29820
E1022,ST4,2024-04-09,8,47657
E1023,ST28,2024-10-08,6,38401
E1024,ST45,2024-08-28,6,26297
E1025,ST44,2024-01-13,9,42258
E1026,ST23,2024-10-23,5,1905
E1027,ST13,2024-10-14,6,27581
E1028,ST23,2024-10-04,9,13962
E1029,ST3,2024-04-29,4,16878
E1030,ST38,2024-04-19,7,24973
E1031,ST24,2024-12-20,9,26094
E1032,ST12,2024-03-20,4,7968
E1033,ST9,2024-11-01,5,37931
E1034,ST1,2024-01-03,7,24808
E1035,ST20,2024-08-25,6,22033
E1036,ST17,2024-04-04,6,45936
E1037,ST32,2024-09-28,7,46109
E1038,ST5,2024-11-17,5,27138
E1039,ST20,2024-10-22,4,49695
E1040,ST26,2024-03-26,5,14222
E1041,ST43,2024-07-02,6,22230
E1042,ST50,2024-03-18,5,34107
E1043,ST39,2024-01-14,9,16481
E1044,ST28,2024-11-13,5,33197
E1045,ST7,2024-04-20,6,15848
E1046,ST8,2024-03-09,7,22917
E1047,ST23,2024-06-03,7,27215
E1048,ST7,2024-10-29,4,29677
E1049,ST43,2024-11-19,5,9573
E1050,ST24,2024-03-27,8,25648
E1051,ST48,2024-03-14,7,37017
E1052,ST23,2024-08-10,9,40887
E1053,ST18,2024-05-24,9,17663
E1054,ST24,2024-04-16,9,24422
E1055,ST13,2024-08-18,8,44207
E1056,ST8,2024-01-27,5,36485
E1057,ST45,2024-04-13,5,15924
E1058,ST23,2024-11-02,7,4076
E1059,ST41,2024-02-28,6,2490
E1060,ST40,2024-03-19,6,9983
E1061,ST47,2024-05-31,7,28192
E1062,ST19,2024-04-08,4,31755
E1063,ST19,2024-05-20,6,29133
E1064,ST10,2024-03-10,4,35059
E1065,ST35,2024-02-21,9,9215
E1066,ST10,2024-04-05,5,27777
E1067,ST44,2024-07-31,8,43340
E1068,ST8,2024-10-03,7,20651
E1069,ST44,2024-06-06,8,2657
E1070,ST12,2024-02-23,5,6478
E1071,ST24,2024-08-01,5,16515
E1072,ST7,2024-07-05,6,33518
E1073,ST22,2024-10-29,6,39597
E1074,ST46,2024-07-12,9,14495
E1075,ST2,2024-09-13,4,37200
E1076,ST36,2024-03-28,4,36228
E1077,ST20,2024-06-28,4,26092
E1078,ST48,2024-10-03,4,27046
E1079,ST15,2024-07-06,6,43739
E1080,ST19,2024-12-25,4,43276
E1081,ST11,2024-05-03,4,2971
E1082,ST2,2024-06-24,7,1932
E1083,ST41,2024-03-14,5,14299
E1084,ST6,2024-05-19,6,23802
E1085,ST48,2024-04-25,6,9528
E1086,ST41,2024-09-15,7,2407
E1087,ST21,2024-03-06,7,12567
E1088,ST1,2024-05-13,7,32774
E1089,ST42,2024-09-10,5,35940
E1090,ST15,2024-11-18,6,25465
E1091,ST50,2024-09-06,7,6499
E1092,ST19,2024-03-13,4,13077
E1093,ST38,2024-10-03,4,22658
E1094,ST42,2024-06-09,7,19015
E1095,ST17,2024-04-25,7,2051
E1096,ST32,2024-09-13,6,5098
E1097,ST18,2024-05-01,6,21633
E1098,ST49,2024-11-16,9,11053
E1099,ST26,2024-12-30,7,615
E1100,ST37,2024-11-22,8,27192
E1101,ST10,2024-02-09,5,22146
E1102,ST34,2024-11-14,5,47632
E1103,ST18,2024-02-21,9,37193
E1104,ST20,2024-06-08,5,2135
E1105,ST42,2024-10-24,5,20718
E1106,ST49,2024-08-25,5,6971
E1107,ST17,2024-01-29,7,26983
E1108,ST18,2024-10-28,7,47142
E1109,ST20,2024-03-06,8,25085
E1110,ST3,2024-10-28,4,19174
E1111,ST33,2024-04-08,5,37758
E1112,ST28,2024-01-28,8,25388
E1113,ST22,2024-08-25,5,29789
E1114,ST40,2024-07-09,7,40539
E1115,ST17,2024-10-06,7,34179
E1116,ST23,2024-01-29,9,2001
E1117,ST35,2024-10-01,5,30082
E1118,ST35,2024-06-07,5,10048
E1119,ST32,2024-12-16,9,14432
E1120,ST25,2024-03-26,9,24591
E1121,ST18,2024-06-05,8,11821
E1122,ST49,2024-10-02,7,19193
E1123,ST13,2024-03-08,5,49334
E1124,ST47,2024-06-22,8,675
E1125,ST18,2024-10-01,4,27230
E1126,ST43,2024-05-14,8,23715
E1127,ST10,2024-06-18,8,16558
E1128,ST31,2024-06-28,5,27439
E1129,ST41,2024-10-15,4,31113
E1130,ST19,2024-10-21,9,26389
E1131,ST8,2024-10-25,6,11291
E1132,ST48,2024-04-16,9,11939
E1133,ST8,2024-07-30,4,38175
E1134,ST17,2024-05-04,9,6668
E1135,ST6,2024-09-05,6,25249
E1136,ST15,2024-09-27,8,43454
E1137,ST35,2024-02-12,4,44096
E1138,ST1,2024-10-12,9,26074
E1139,ST37,2024-10-21,9,48789
E1140,ST50,2024-04-16,7,37534
E1141,ST25,2024-10-25,6,4527
E1142,ST6,2024-01-14,4,13461
E1143,ST23,2024-07-16,5,1862
E1144,ST46,2024-03-26,6,31030
E1145,ST22,2024-12-29,9,29351
E1146,ST45,2024-09-30,6,3203
E1147,ST38,2024-10-28,6,36685
E1148,ST33,2024-11-30,5,47914
E1149,ST24,2024-01-21,7,27512
E1150,ST30,2024-08-15,7,9024
E1151,ST47,2024-11-27,8,41089
E1152,ST43,2024-07-07,9,27601
E1153,ST26,2024-07-21,8,18306
E1154,ST44,2024-12-16,4,14263
E1155,ST1,2024-03-05,4,16460
E1156,ST16,2024-08-04,4,7216
E1157,ST47,2024-03-11,5,36590
E1158,ST19,2024-10-14,7,11674
E1159,ST36,2024-04-16,5,35961
E1160,ST28,2024-02-04,5,46651
E1161,ST5,2024-03-30,6,16834
E1162,ST48,2024-07-22,9,37828
E1163,ST27,2024-11-29,8,17661
E1164,ST18,2024-09-20,8,11768
E1165,ST12,2024-10-04,9,11940
E1166,ST6,2024-07-22,7,36735
E1167,ST1,2024-02-15,7,12540
E1168,ST42,2024-10-15,9,19045
E1169,ST43,2024-09-01,6,17345
E1170,ST1,2024-09-13,6,25309
E1171,ST48,2024-04-01,5,42266
E1172,ST36,2024-03-07,6,19532
E1173,ST28,2024-03-20,8,38916
E1174,ST9,2024-05-05,9,9523
E1175,ST22,2024-01-10,4,10937
E1176,ST43,2024-09-19,4,32280
E1177,ST44,2024-12-31,5,12378
E1178,ST5,2024-06-28,5,33597
E1179,ST14,2024-04-23,8,12719
E1180,ST16,2024-03-08,5,37446
E1181,ST12,2024-05-11,8,14259
E1182,ST39,2024-11-08,7,8170
E1183,ST20,2024-12-10,9,33346
E1184,ST23,2024-01-05,4,10382
E1185,ST46,2024-07-17,9,42448
E1186,ST18,2024-11-06,8,6082
E1187,ST7,2024-03-07,6,28353
E1188,ST5,2024-12-20,8,19565
E1189,ST38,2024-03-15,4,3268
E1190,ST42,2024-03-16,4,31454
E1191,ST2,2024-09-03,9,43307
E1192,ST1,2024-02-08,6,39366
E1193,ST17,2024-03-20,9,43134
E1194,ST41,2024-12-26,8,42648
E1195,ST13,2024-07-17,4,45843
E1196,ST9,2024-01-10,8,19572
E1197,ST12,2024-12-03,5,12504
E1198,ST46,2024-01-29,8,27201
E1199,ST47,2024-09-12,4,7233
E1200,ST8,2024-09-11,6,37513
E1201,ST25,2024-06-02,5,9009
E1202,ST12,2024-01-30,6,23792
E1203,ST12,2024-04-18,6,42821
E1204,ST33,2024-03-05,7,8586
E1205,ST46,2024-01-15,6,35696
E1206,ST18,2024-12-10,8,14172
E1207,ST36,2024-01-19,4,29853
E1208,ST40,2024-01-28,4,12954
E1209,ST32,2024-12-18,8,30702
E1210,ST40,2024-09-05,6,29737
E1211,ST4,2024-09-27,7,2083
E1212,ST40,2024-04-30,9,38188
E1213,ST27,2024-11-29,9,13536
E1214,ST29,2024-03-01,7,28926
E1215,ST2,2024-02-07,8,35127
E1216,ST49,2024-12-20,9,40868
E1217,ST12,2024-10-14,8,11461
E1218,ST45,2024-07-24,9,45094
E1219,ST41,2024-11-28,4,9095
E1220,ST19,2024-10-23,9,38219
E1221,ST47,2024-07-31,8,14254
E1222,ST19,2024-07-22,5,39618
E1223,ST26,2024-08-03,6,8757
E1224,ST21,2024-07-30,9,11946
E1225,ST46,2024-11-14,5,48371
E1226,ST22,2024-01-01,8,32907
E1227,ST37,2024-05-09,6,25127
E1228,ST39,2024-01-08,8,17773
E1229,ST12,2024-01-11,7,23791
E1230,ST20,2024-01-20,9,20832
E1231,ST36,2024-02-13,4,42737
E1232,ST1,2024-11-10,8,43787
E1233,ST7,2024-01-17,5,5284
E1234,ST35,2024-09-01,4,44678
E1235,ST42,2024-07-30,7,10309
E1236,ST12,2024-11-25,7,42664
E1237,ST32,2024-10-03,9,25987
E1238,ST25,2024-07-13,9,4566
E1239,ST8,2024-05-11,7,11458
E1240,ST15,2024-08-03,8,12965
E1241,ST41,2024-06-30,7,34140
E1242,ST38,2024-08-16,4,27740
E1243,ST16,2024-06-03,8,11428
E1244,ST7,2024-04-21,8,27258
E1245,ST47,2024-08-10,6,40938
E1246,ST39,2024-09-09,4,22431
E1247,ST40,2024-07-20,8,43385
E1248,ST46,2024-11-19,4,12109
E1249,ST48,2024-03-19,8,14193
E1250,ST25,2024-06-10,9,40531
E1251,ST48,2024-02-28,7,12247
E1252,ST33,2024-10-27,9,19932
E1253,ST5,2024-09-30,6,48315
E1254,ST30,2024-11-24,5,49344
E1255,ST2,2024-09-11,6,3337
E1256,ST44,2024-11-01,9,1298
E1257,ST42,2024-10-16,6,5804
E1258,ST34,2024-02-23,4,46255
E1259,ST14,2024-06-30,4,24805
E1260,ST10,2024-11-03,5,27462
E1261,ST39,2024-08-30,4,12247
E1262,ST21,2024-02-22,7,42069
E1263,ST25,2024-05-31,9,11023
E1264,ST47,2024-11-01,4,26986
E1265,ST37,2024-08-25,5,46534
E1266,ST39,2024-11-12,8,42193
E1267,ST31,2024-03-30,4,1200
E1268,ST14,2024-08-25,9,20093
E1269,ST5,2024-02-14,6,39503
E1270,ST25,2024-03-25,6,24978
E1271,ST45,2024-08-24,4,28650
E1272,ST2,2024-02-03,7,29820
E1273,ST35,2024-05-17,6,37525
E1274,ST48,2024-05-18,7,13853
E1275,ST20,2024-02-18,5,671
E1276,ST10,2024-11-22,4,27690
E1277,ST40,2024-04-08,8,15091
E1278,ST6,2024-04-28,6,5136
E1279,ST42,2024-08-19,8,11227
E1280,ST33,2024-06-04,9,46864
E1281,ST14,2024-05-22,6,18108
E1282,ST49,2024-02-07,7,10117
E1283,ST26,2024-12-26,6,14684
E1284,ST22,2024-10-31,5,3080
E1285,ST14,2024-05-08,7,46138
E1286,ST36,2024-11-01,9,33608
E1287,ST44,2024-05-21,8,22505
E1288,ST50,2024-04-20,7,28041
E1289,ST23,2024-04-25,6,13669
E1290,ST16,2024-01-22,5,21920
E1291,ST25,2024-11-08,5,29698
E1292,ST43,2024-12-06,5,18652
E1293,ST19,2024-10-23,9,38118
E1294,ST42,2024-12-03,9,47924
E1295,ST11,2024-12-26,8,4987
E1296,ST30,2024-07-19,7,47400
E1297,ST25,2024-08-18,4,26317
E1298,ST31,2024-01-05,8,16654
E1299,ST17,2024-01-31,7,20726
E1300,ST26,2024-03-05,5,12239
E1301,ST6,2024-03-26,6,17376
E1302,ST11,2024-11-08,6,15270
E1303,ST1,2024-03-30,6,49130
E1304,ST13,2024-10-11,9,35596
E1305,ST16,2024-06-17,6,33490
E1306,ST11,2024-10-16,4,28938
E1307,ST22,2024-07-31,7,30860
E1308,ST36,2024-07-22,7,9639
E1309,ST32,2024-02-04,8,15034
E1310,ST3,2024-08-13,6,4319
E1311,ST27,2024-02-02,8,28341
E1312,ST16,2024-10-24,6,24636
E1313,ST37,2024-12-08,4,22873
E1314,ST27,2024-04-11,4,45754
E1315,ST35,2024-03-23,5,2921
E1316,ST2,2024-08-06,6,27215
E1317,ST18,2024-09-06,9,28048
E1318,ST48,2024-06-06,6,2544
E1319,ST25,2024-04-18,7,35980
E1320,ST36,2024-12-05,4,26764
E1321,ST19,2024-12-13,9,12011
E1322,ST42,2024-03-14,7,48778
E1323,ST25,2024-06-18,8,41728
E1324,ST39,2024-10-07,7,49698
E1325,ST21,2024-09-26,6,3793
E1326,ST38,2024-11-16,7,45435
E1327,ST40,2024-01-13,5,4267
E1328,ST12,2024-12-10,9,43065
E1329,ST29,2024-01-12,9,11136
E1330,ST7,2024-05-31,7,20949
E1331,ST29,2024-11-21,5,47283
E1332,ST32,2024-03-13,6,40129
E1333,ST11,2024-02-07,8,18013
E1334,ST37,2024-12-08,9,6836
E1335,ST47,2024-11-03,9,21329
E1336,ST15,2024-11-21,4,41152
E1337,ST26,2024-04-18,5,24191
E1338,ST2,2024-02-04,4,46850
E1339,ST29,2024-01-28,8,10873
E1340,ST4,2024-05-12,7,13769
E1341,ST34,2024-10-24,8,38319
E1342,ST35,2024-07-30,9,47758
E1343,ST10,2024-10-02,8,31810
E1344,ST34,2024-08-29,9,16332
E1345,ST48,2024-10-04,9,23613
E1346,ST24,2024-06-27,6,21463
E1347,ST40,2024-12-08,5,38246
E1348,ST30,2024-04-30,9,42525
E1349,ST5,2024-07-22,8,44029
E1350,ST5,2024-12-18,9,11551
E1351,ST10,2024-04-27,9,16162
E1352,ST35,2024-06-04,5,9526
E1353,ST48,2024-08-18,9,4769
E1354,ST11,2024-09-08,5,9190
E1355,ST17,2024-03-12,8,46161
E1356,ST45,2024-09-02,4,32866
E1357,ST1,2024-01-21,8,13078
E1358,ST36,2024-10-30,6,8881
E1359,ST6,2024-10-31,7,11057
E1360,ST30,2024-07-08,7,9564
E1361,ST35,2024-10-17,6,16807
E1362,ST13,2024-03-20,8,36209
E1363,ST1,2024-03-12,8,16171
E1364,ST23,2024-09-17,8,39435
E1365,ST13,2024-03-16,9,33347
E1366,ST34,2024-08-05,4,15381
E1367,ST43,2024-11-24,7,42348
E1368,ST16,2024-06-17,4,36009
E1369,ST11,2024-12-13,5,17788
E1370,ST27,2024-05-04,9,27881
E1371,ST29,2024-02-09,5,3399
E1372,ST1,2024-02-27,6,26574
E1373,ST22,2024-07-18,4,47474
E1374,ST41,2024-09-14,8,38531
E1375,ST25,2024-06-26,8,7320
E1376,ST7,2024-09-01,4,6834
E1377,ST21,2024-03-26,8,43323
E1378,ST26,2024-04-20,8,47268
E1379,ST18,2024-04-26,4,27673
E1380,ST33,2024-07-26,5,24886
E1381,ST24,2024-02-17,4,13489
E1382,ST10,2024-03-31,7,11550
E1383,ST13,2024-10-15,7,30405
E1384,ST31,2024-08-10,9,21373
E1385,ST18,2024-01-16,7,7576
E1386,ST11,2024-01-21,6,41342
E1387,ST32,2024-05-14,6,43067
E1388,ST21,2024-07-28,5,7301
E1389,ST41,2024-01-01,4,38290
E1390,ST26,2024-08-06,5,13828
E1391,ST46,2024-09-20,7,48048
E1392,ST8,2024-12-13,7,26899
E1393,ST17,2024-12-23,6,2669
E1394,ST36,2024-10-04,7,34031
E1395,ST22,2024-10-02,9,18380
E1396,ST9,2024-07-24,6,4429
E1397,ST45,2024-01-31,5,45166
E1398,ST5,2024-06-17,4,34518
E1399,ST14,2024-11-23,9,43997
E1400,ST45,2024-10-06,4,1726
E1401,ST11,2024-01-15,4,31825
E1402,ST31,2024-12-22,4,7249
E1403,ST7,2024-06-14,8,14051
E1404,ST39,2024-07-25,9,13005
E1405,ST43,2024-09-01,5,36747
E1406,ST21,2024-12-20,9,47910
E1407,ST44,2024-02-07,9,36698
E1408,ST29,2024-07-27,6,43320
E1409,ST11,2024-04-25,5,11740
E1410,ST38,2024-07-12,5,49350
E1411,ST13,2024-01-05,8,48590
E1412,ST44,2024-09-14,8,12040
E1413,ST40,2024-01-02,4,43731
E1414,ST43,2024-02-06,9,26991
E1415,ST25,2024-05-17,4,20715
E1416,ST49,2024-08-06,7,37667
E1417,ST50,2024-11-23,7,29919
E1418,ST36,2024-03-14,8,33922
E1419,ST37,2024-04-08,4,24401
E1420,ST30,2024-05-31,6,18191
E1421,ST28,2024-01-24,8,8139
E1422,ST4,2024-12-16,7,23767
E1423,ST41,2024-09-16,5,31434
E1424,ST20,2024-02-09,6,1174
E1425,ST12,2024-12-21,9,41463
E1426,ST46,2024-10-08,6,23840
E1427,ST13,2024-04-25,8,22083
E1428,ST26,2024-01-27,7,15676
E1429,ST38,2024-05-13,6,35493
E1430,ST36,2024-01-27,5,9160
E1431,ST23,2024-09-26,4,38125
E1432,ST42,2024-04-17,8,49767
E1433,ST48,2024-10-04,7,23476
E1434,ST20,2024-01-20,7,14140
E1435,ST43,2024-05-07,9,29856
E1436,ST3,2024-12-01,6,17764
E1437,ST11,2024-06-25,8,33986
E1438,ST30,2024-12-17,4,44732
E1439,ST10,2024-08-13,4,32100
E1440,ST13,2024-10-07,7,20208
E1441,ST10,2024-10-09,7,25127
E1442,ST31,2024-08-06,4,22277
E1443,ST44,2024-01-22,5,11999
E1444,ST37,2024-03-06,7,16245
E1445,ST25,2024-10-30,9,42799
E1446,ST29,2024-06-29,9,2833
E1447,ST21,2024-04-28,8,33059
E1448,ST15,2024-02-08,9,40270
E1449,ST42,2024-01-10,6,13462
E1450,ST11,2024-09-04,7,23538
E1451,ST34,2024-09-24,5,15188
E1452,ST49,2024-10-28,9,12930
E1453,ST11,2024-09-29,6,30982
E1454,ST45,2024-12-06,9,45507
E1455,ST8,2024-11-27,5,34105
E1456,ST34,2024-07-05,5,41836
E1457,ST41,2024-08-27,6,14946
E1458,ST26,2024-06-03,7,42309
E1459,ST21,2024-01-15,9,45535
E1460,ST50,2024-08-16,9,1762
E1461,ST24,2024-02-10,4,3117
E1462,ST48,2024-07-13,9,33978
E1463,ST32,2024-12-19,6,44821
E1464,ST18,2024-12-06,6,24519
E1465,ST44,2024-05-20,4,5019
E1466,ST26,2024-03-29,6,49281
E1467,ST41,2024-09-26,9,36405
E1468,ST16,2024-09-09,8,36929
E1469,ST41,2024-11-12,7,11198
E1470,ST37,2024-09-04,4,21402
E1471,ST20,2024-08-24,7,31883
E1472,ST15,2024-02-14,4,263
E1473,ST4,2024-01-18,6,6792
E1474,ST40,2024-06-08,6,17621
E1475,ST16,2024-04-09,7,41617
E1476,ST12,2024-10-26,5,2790
E1477,ST35,2024-12-14,8,4059
E1478,ST26,2024-12-24,7,5925
E1479,ST9,2024-10-19,6,23421
E1480,ST16,2024-04-08,7,48929
E1481,ST15,2024-10-09,7,8645
E1482,ST20,2024-10-22,6,14558
E1483,ST3,2024-05-31,9,19962
E1484,ST5,2024-08-19,5,22798
E1485,ST40,2024-05-13,9,23740
E1486,ST39,2024-07-24,9,49396
E1487,ST13,2024-01-17,4,1656
E1488,ST48,2024-06-03,5,31472
E1489,ST43,2024-08-21,6,44739
E1490,ST29,2024-02-13,7,46934
E1491,ST46,2024-05-05,8,30412
E1492,ST7,2024-07-16,4,26428
E1493,ST8,2024-10-21,9,15097
E1494,ST27,2024-07-12,9,40556
E1495,ST9,2024-12-04,7,23322
E1496,ST32,2024-08-21,5,27180
E1497,ST45,2024-05-24,4,25017
E1498,ST36,2024-09-21,8,26103
E1499,ST36,2024-05-16,5,9234
E1500,ST38,2024-02-04,4,38045
