record_id,date,revenue,cogs,opex
F1,2024-08-09,290605,34301,134047
F2,2024-05-12,224597,162142,134826
F3,2024-04-25,353389,143948,127385
F4,2024-11-13,303473,115864,24742
F5,2024-11-26,179710,72872,115171
F6,2024-10-23,359072,136183,127209
F7,2024-07-11,342247,17560,90674
F8,2024-03-19,277720,141563,96738
F9,2024-03-25,425925,163535,137313
F10,2024-03-26,446626,174568,21055
F11,2024-06-02,413998,188412,128692
F12,2024-03-17,452218,125708,20126
F13,2024-11-05,18344,138126,126640
F14,2024-07-01,83056,45512,71911
F15,2024-03-08,365621,61071,87594
F16,2024-08-19,40458,115637,55536
F17,2024-05-15,405702,96946,110990
F18,2024-05-16,176705,90719,112856
F19,2024-04-04,343604,128404,18219
F20,2024-01-27,488456,80985,18076
F21,2024-05-16,225917,152500,30705
F22,2024-06-05,85938,36771,135023
F23,2024-04-20,22383,61739,37282
F24,2024-11-25,154511,20373,117800
F25,2024-11-28,432843,136996,47681
F26,2024-03-05,447717,55012,137468
F27,2024-06-16,369362,121558,34641
F28,2024-03-18,192858,187004,17808
F29,2024-08-11,44007,16411,3718
F30,2024-11-07,409713,41262,44151
F31,2024-01-26,70061,164648,98681
F32,2024-04-28,29598,172952,2683
F33,2024-02-02,290138,174477,15554
F34,2024-12-16,265827,51676,69065
F35,2024-07-18,110567,118829,142706
F36,2024-06-01,164022,194013,18597
F37,2024-12-18,102666,99189,28756
F38,2024-08-09,470130,38260,43088
F39,2024-09-13,496185,197251,61220
F40,2024-10-09,398702,49864,26124
F41,2024-11-19,78122,165135,119914
F42,2024-10-19,181979,178628,61716
F43,2024-10-06,395377,87197,144209
F44,2024-10-26,76941,71745,79966
F45,2024-03-28,272218,100173,142417
F46,2024-09-18,461996,86590,75860
F47,2024-02-08,446669,109250,97222
F48,2024-04-02,480874,58030,116093
F49,2024-03-28,390727,159972,18436
F50,2024-12-13,172986,120446,120698
F51,2024-09-27,489951,142514,52897
F52,2024-07-10,222814,14681,86227
F53,2024-10-13,437916,83274,147735
F54,2024-05-24,50672,115385,48969
F55,2024-01-26,158356,186816,112697
F56,2024-11-28,335981,8568,109679
F57,2024-11-04,185473,129036,15182
F58,2024-10-23,267840,14548,43368
F59,2024-03-21,92265,145724,20064
F60,2024-06-02,263128,31720,130923
F61,2024-11-02,383828,179597,51059
F62,2024-12-13,313714,110690,68516
F63,2024-02-07,231798,55124,53428
F64,2024-02-11,181190,6658,17302
F65,2024-01-09,239690,89215,40684
F66,2024-04-10,454135,180181,67938
F67,2024-04-24,423056,139994,60196
F68,2024-05-12,79478,149328,44645
F69,2024-11-21,313810,68565,146436
F70,2024-03-19,210584,70408,105654
F71,2024-07-28,298025,155480,28175
F72,2024-03-09,352107,18894,70462
F73,2024-03-14,190371,157307,138244
F74,2024-04-16,236649,37524,30072
F75,2024-08-24,157213,46081,67387
F76,2024-01-27,212625,46426,131010
F77,2024-06-16,95369,81972,135933
F78,2024-11-04,331907,178112,11066
F79,2024-01-23,491210,15012,34265
F80,2024-12-13,210210,153783,106830
F81,2024-11-26,349885,81476,12565
F82,2024-09-11,150279,119540,114633
F83,2024-05-11,163102,112606,5194
F84,2024-03-08,314415,5918,46976
F85,2024-03-20,110515,23243,71529
F86,2024-10-10,284893,162007,78552
F87,2024-10-11,400946,48313,108824
F88,2024-08-24,453528,152251,97106
F89,2024-11-09,332035,40221,16695
F90,2024-05-24,435825,198695,102130
F91,2024-07-16,34036,139849,91298
F92,2024-08-24,227566,146244,62889
F93,2024-09-30,248232,49442,141877
F94,2024-05-20,259256,42930,140537
F95,2024-08-21,358971,24857,29094
F96,2024-07-10,95705,34980,96571
F97,2024-07-07,494833,168783,39878
F98,2024-08-04,293696,106262,30040
F99,2024-11-06,405446,153180,59086
F100,2024-10-24,334750,19018,109232
F101,2024-05-18,365182,175197,56978
F102,2024-11-27,370129,51722,35818
F103,2024-02-01,208373,34220,49985
F104,2024-03-18,344525,141978,105957
F105,2024-06-01,367401,180910,115841
F106,2024-08-12,19129,156423,86121
F107,2024-08-22,216114,60335,93911
F108,2024-08-18,400060,161496,148034
F109,2024-11-10,290607,127386,16270
F110,2024-12-21,366029,130936,33667
F111,2024-07-16,74959,141983,130206
F112,2024-10-23,217667,181571,124865
F113,2024-05-11,387439,143118,117044
F114,2024-05-14,100739,153736,70168
F115,2024-10-01,325250,44873,105831
F116,2024-10-13,101050,172727,70275
F117,2024-05-28,489323,106203,16155
F118,2024-09-09,225862,79231,33350
F119,2024-10-07,394939,57322,33405
F120,2024-05-19,22409,63374,85493
F121,2024-12-19,223466,127452,9029
F122,2024-04-16,413278,172343,40368
F123,2024-01-01,179786,178086,78785
F124,2024-07-11,189637,20922,8135
F125,2024-01-25,364007,191576,133868
F126,2024-07-17,318564,16451,21726
F127,2024-06-10,401894,62159,115798
F128,2024-10-26,178341,94311,135141
F129,2024-08-17,90049,11222,65263
F130,2024-12-21,119177,21714,76578
F131,2024-09-13,51905,117834,106766
F132,2024-07-25,11948,195008,133072
F133,2024-11-28,177590,15469,42390
F134,2024-10-03,82814,26982,101560
F135,2024-03-17,180560,182393,14422
F136,2024-06-16,407617,27934,81810
F137,2024-05-24,278049,185315,111578
F138,2024-11-27,497400,116430,106188
F139,2024-06-10,181850,139006,79761
F140,2024-10-21,233470,33230,78756
F141,2024-04-13,140539,129386,131745
F142,2024-03-15,171396,84356,3296
F143,2024-01-14,38708,135425,101218
F144,2024-03-19,71637,84664,4447
F145,2024-03-27,227715,101245,68962
F146,2024-05-11,295259,167221,144828
F147,2024-06-01,455474,19119,100582
F148,2024-12-30,420344,105083,65906
F149,2024-02-10,391288,55249,5465
F150,2024-08-01,17111,58300,138226
F151,2024-09-12,107194,150597,123301
F152,2024-09-13,230864,120330,118458
F153,2024-11-14,249274,7561,63951
F154,2024-08-03,123473,123885,51703
F155,2024-02-22,441010,37306,31071
F156,2024-10-25,95537,44778,91166
F157,2024-06-13,454841,85357,11925
F158,2024-07-16,272607,130485,103143
F159,2024-01-15,475001,46694,105027
F160,2024-04-26,466711,95130,82020
F161,2024-06-10,71829,184861,116917
F162,2024-08-30,488119,128794,72775
F163,2024-07-18,490579,42524,100642
F164,2024-10-17,261798,62114,59410
F165,2024-07-22,75982,73083,9662
F166,2024-02-15,261643,173574,129123
F167,2024-10-06,192797,10711,116367
F168,2024-11-28,304488,62782,149230
F169,2024-08-16,146633,113060,53051
F170,2024-07-25,117427,154792,115197
F171,2024-10-19,383921,75090,44669
F172,2024-09-25,301301,156817,104855
F173,2024-05-05,428635,96540,108008
F174,2024-05-23,64387,119832,77285
F175,2024-10-18,386084,119489,7333
F176,2024-07-16,247996,124998,109644
F177,2024-04-26,278601,50897,71800
F178,2024-08-29,126987,57060,58565
F179,2024-08-13,405406,77453,60043
F180,2024-03-16,327996,39441,33991
F181,2024-11-05,376096,142005,99786
F182,2024-04-24,73537,84174,63816
F183,2024-10-26,233158,196485,14368
F184,2024-06-14,298219,54674,16131
F185,2024-06-12,406702,182146,86420
F186,2024-11-15,316411,95149,50620
F187,2024-12-28,485678,126319,65493
F188,2024-01-24,42084,94494,77667
F189,2024-03-08,493168,130997,101726
F190,2024-12-10,275737,161284,147750
F191,2024-08-20,65617,59047,137992
F192,2024-09-23,237636,172640,94421
F193,2024-10-28,241178,197625,89984
F194,2024-01-03,156615,18250,111045
F195,2024-11-05,232798,53859,129950
F196,2024-04-29,211584,139280,33143
F197,2024-01-11,74088,148619,71702
F198,2024-03-05,412593,16313,111024
F199,2024-10-23,415206,132981,35169
F200,2024-04-14,153018,159564,91523
F201,2024-07-05,151442,187286,147131
F202,2024-08-28,38429,131313,44077
F203,2024-10-08,141356,39234,144370
F204,2024-02-23,318345,84729,39041
F205,2024-05-21,376548,122716,28696
F206,2024-06-23,432928,177051,139313
F207,2024-04-15,65468,75339,79248
F208,2024-05-19,364737,16115,67460
F209,2024-08-31,62911,5995,39899
F210,2024-08-08,264016,27490,41608
F211,2024-02-28,296793,60861,145131
F212,2024-06-08,382612,112404,18170
F213,2024-09-22,409131,48772,15639
F214,2024-12-23,397807,98579,120218
F215,2024-03-23,165206,123935,54560
F216,2024-11-06,457785,188835,41172
F217,2024-11-24,368203,178830,69020
F218,2024-03-29,72721,33719,105464
F219,2024-01-19,198693,115695,98954
F220,2024-02-08,493291,197526,78354
F221,2024-05-16,187653,168856,118021
F222,2024-12-12,436464,80442,63493
F223,2024-08-29,230006,61545,57610
F224,2024-12-08,84651,47469,6040
F225,2024-11-28,204391,74031,134531
F226,2024-05-15,402313,197322,62402
F227,2024-05-20,134348,108073,90633
F228,2024-07-23,134417,128505,94922
F229,2024-11-06,10946,51957,143599
F230,2024-07-27,25093,160269,91561
F231,2024-11-20,439985,132179,56735
F232,2024-09-28,64946,134799,112816
F233,2024-09-12,419967,66594,87377
F234,2024-02-12,400826,126677,16647
F235,2024-12-03,283524,132573,109599
F236,2024-02-28,277274,143856,108669
F237,2024-03-13,185219,24525,81308
F238,2024-06-11,140335,42596,63759
F239,2024-12-20,182259,130419,23249
F240,2024-04-26,409406,102541,133168
F241,2024-05-26,404601,72628,105987
F242,2024-09-25,159968,97035,144402
F243,2024-08-04,258276,52383,103112
F244,2024-03-09,222830,181063,42624
F245,2024-03-21,370708,138041,8307
F246,2024-06-10,354511,178620,48232
F247,2024-08-02,499813,87322,16573
F248,2024-11-18,415684,130970,85156
F249,2024-09-22,402732,189699,36641
F250,2024-06-08,467340,116986,3289
F251,2024-09-10,253328,90908,112873
F252,2024-08-12,82861,115577,57242
F253,2024-11-22,235177,146348,25860
F254,2024-05-20,318565,104670,101350
F255,2024-09-23,111641,24246,129171
F256,2024-01-15,209052,27525,135363
F257,2024-12-04,426536,97368,73610
F258,2024-09-20,273160,174758,51491
F259,2024-09-08,130846,76146,12164
F260,2024-02-18,246032,111021,92188
F261,2024-03-06,143706,105866,76793
F262,2024-04-11,62139,189290,74344
F263,2024-12-18,146304,195344,110681
F264,2024-12-04,97586,34320,6496
F265,2024-10-06,255906,56358,116820
F266,2024-12-07,463295,177884,60357
F267,2024-04-02,35483,23534,110172
F268,2024-02-03,221144,124088,31728
F269,2024-03-01,157795,109803,95292
F270,2024-04-26,340577,188091,38286
F271,2024-09-16,425871,69809,144948
F272,2024-12-31,169603,186218,90113
F273,2024-06-04,355791,164317,18213
F274,2024-09-12,271784,97165,4565
F275,2024-05-11,354837,99478,80647
F276,2024-05-23,211220,101689,136744
F277,2024-06-19,456117,66119,145343
F278,2024-08-23,310142,184402,10451
F279,2024-11-15,152731,77998,61317
F280,2024-08-15,285382,115558,141281
F281,2024-01-31,459601,150171,76569
F282,2024-03-19,93709,150667,41972
F283,2024-01-09,191826,171061,74170
F284,2024-10-16,40361,140115,23409
F285,2024-06-11,255298,92472,10070
F286,2024-06-04,256174,74125,100584
F287,2024-12-13,26517,110396,21908
F288,2024-05-18,492333,74615,2243
F289,2024-10-20,219887,76154,114349
F290,2024-12-19,362977,110763,128867
F291,2024-08-20,374070,180588,31432
F292,2024-12-22,476184,175614,100158
F293,2024-07-11,213106,57757,58079
F294,2024-06-26,327000,44158,35262
F295,2024-05-17,419918,21088,40586
F296,2024-01-17,291963,58621,98408
F297,2024-11-29,406357,196420,88030
F298,2024-09-13,304370,192315,65341
F299,2024-01-11,490387,14804,63856
F300,2024-06-17,166061,165716,138242
F301,2024-08-21,165820,187637,112210
F302,2024-09-15,293929,149285,107600
F303,2024-09-29,443481,179236,137353
F304,2024-11-15,305749,85736,101489
F305,2024-12-09,259246,186563,93047
F306,2024-04-09,38185,23462,105197
F307,2024-06-09,88406,157733,15223
F308,2024-02-01,280215,25045,141376
F309,2024-12-12,55628,88606,86365
F310,2024-06-23,252422,75115,131336
F311,2024-12-02,401892,40296,78555
F312,2024-05-06,80693,166016,106196
F313,2024-03-21,262463,106543,43178
F314,2024-04-23,200525,162983,95516
F315,2024-08-25,324208,74608,44307
F316,2024-02-26,207391,180607,145692
F317,2024-12-03,189458,109281,48270
F318,2024-03-15,450642,197195,44131
F319,2024-02-10,231026,111262,40617
F320,2024-06-13,377062,153109,50763
F321,2024-03-14,106523,91980,43483
F322,2024-01-15,134759,55377,36971
F323,2024-07-04,237556,101584,14996
F324,2024-07-04,175814,146063,120267
F325,2024-08-13,122012,146004,133457
F326,2024-12-20,495646,12352,75287
F327,2024-05-15,111254,12855,77151
F328,2024-01-31,231591,69513,149578
F329,2024-12-29,135425,118109,148557
F330,2024-09-09,260859,124073,130310
F331,2024-09-27,467100,173501,132374
F332,2024-12-14,365316,116411,63014
F333,2024-03-19,472914,84076,144174
F334,2024-06-07,62740,104979,91519
F335,2024-09-12,163265,90046,50399
F336,2024-08-04,278260,85745,43442
F337,2024-07-23,31226,41909,141362
F338,2024-11-25,225923,62941,62865
F339,2024-01-19,347855,67235,147656
F340,2024-06-25,16319,15872,18538
F341,2024-09-27,143495,15250,34613
F342,2024-01-03,373696,103998,126073
F343,2024-05-25,36835,157228,8378
F344,2024-05-29,477663,15518,2025
F345,2024-04-10,347214,80619,96018
F346,2024-08-10,186491,32594,4244
F347,2024-03-14,250239,21598,114095
F348,2024-10-27,326166,114132,68382
F349,2024-04-29,329841,150366,130343
F350,2024-04-02,370737,89536,65776
F351,2024-03-14,448606,159848,141085
F352,2024-06-04,466452,194712,25793
F353,2024-10-14,184008,125334,36299
F354,2024-11-29,276697,141568,23150
F355,2024-02-01,377273,179150,71721
F356,2024-02-21,332411,90744,10176
F357,2024-09-04,453463,142053,122487
F358,2024-10-12,349540,86776,139554
F359,2024-03-12,318268,148259,93648
F360,2024-12-22,241110,112330,85976
F361,2024-09-02,386231,134600,148263
F362,2024-01-22,493186,168074,4564
F363,2024-04-24,173080,55018,3019
F364,2024-03-28,115023,136221,54270
F365,2024-10-10,279046,55523,67077
F366,2024-06-19,153722,149212,8615
F367,2024-07-15,269804,141624,110593
F368,2024-03-13,83531,21260,143665
F369,2024-03-12,419235,115166,3957
F370,2024-02-28,456992,113354,21678
F371,2024-12-28,467254,49162,87982
F372,2024-03-22,409678,158096,21699
F373,2024-04-26,44069,128784,14417
F374,2024-04-16,302780,187943,129654
F375,2024-07-16,447366,69502,13531
F376,2024-09-28,113579,17434,129022
F377,2024-09-30,374281,118078,136325
F378,2024-05-05,221589,44772,71852
F379,2024-03-21,418823,34414,123948
F380,2024-01-02,294225,94227,64843
F381,2024-03-04,358644,75072,91650
F382,2024-04-29,272279,184930,116999
F383,2024-09-23,96918,66576,93453
F384,2024-02-24,422879,70520,59783
F385,2024-09-14,433105,53578,15081
F386,2024-05-09,474405,39767,127240
F387,2024-11-08,334394,96332,61833
F388,2024-09-30,210368,128734,109862
F389,2024-12-26,308310,102958,100958
F390,2024-03-26,466089,168490,14104
F391,2024-01-27,459889,154774,56619
F392,2024-09-29,33093,15532,38439
F393,2024-08-21,352010,141463,98534
F394,2024-02-23,386358,137911,104574
F395,2024-05-24,410267,88588,83586
F396,2024-09-07,416184,140290,8429
F397,2024-09-18,93426,198676,25922
F398,2024-12-18,214545,94046,132787
F399,2024-05-13,103148,38859,19374
F400,2024-12-11,433732,67066,71232
F401,2024-08-17,38086,150879,128508
F402,2024-05-26,311074,52150,8534
F403,2024-08-23,283900,11961,146507
F404,2024-03-30,22697,110566,76104
F405,2024-08-01,255924,74246,25390
F406,2024-08-01,15004,84818,79305
F407,2024-01-07,196710,111113,114149
F408,2024-09-18,336808,133094,96272
F409,2024-09-10,219337,7227,119909
F410,2024-05-22,53514,125140,102359
F411,2024-10-20,44990,79974,39364
F412,2024-07-02,481958,149663,10848
F413,2024-09-30,356498,20498,60430
F414,2024-06-11,447170,154678,14137
F415,2024-10-27,85341,64085,139953
F416,2024-06-05,99038,12103,123184
F417,2024-11-20,71730,17731,13049
F418,2024-12-09,221021,179633,49043
F419,2024-09-10,232955,111914,36195
F420,2024-02-01,40352,172622,93050
F421,2024-04-03,76809,31961,136687
F422,2024-09-17,16661,19426,11953
F423,2024-06-20,462153,27973,46370
F424,2024-04-07,489059,176519,57037
F425,2024-02-19,466367,15969,79312
F426,2024-08-21,434841,11798,118309
F427,2024-12-03,471069,176810,113781
F428,2024-09-06,22186,145882,27424
F429,2024-01-21,330451,138116,85817
F430,2024-06-15,190434,137791,81334
F431,2024-03-25,428355,166082,36287
F432,2024-12-20,386431,161613,84186
F433,2024-09-17,268031,177010,7855
F434,2024-06-09,123964,12205,132112
F435,2024-07-17,21969,126597,101339
F436,2024-08-23,402551,94449,118851
F437,2024-10-06,301896,94347,16523
F438,2024-04-27,61354,122939,120766
F439,2024-04-27,492350,158891,15271
F440,2024-02-08,224743,80432,86514
F441,2024-03-12,448697,98892,24784
F442,2024-09-27,476750,59911,9719
F443,2024-11-21,147017,103184,142142
F444,2024-01-05,266067,116831,79991
F445,2024-08-02,156369,109884,65596
F446,2024-05-07,194621,105213,121787
F447,2024-10-02,293374,153617,83798
F448,2024-03-16,350117,123369,62367
F449,2024-08-23,217444,76077,96685
F450,2024-10-03,80453,121553,36943
F451,2024-05-19,72285,151461,6197
F452,2024-10-12,338019,109366,17813
F453,2024-09-19,314737,24504,42547
F454,2024-04-10,344074,53303,86319
F455,2024-02-27,443619,122968,58584
F456,2024-01-18,21296,27772,89133
F457,2024-09-30,127832,64249,99849
F458,2024-06-24,449405,158148,101089
F459,2024-02-03,225209,137213,136405
F460,2024-01-06,206005,10208,43158
F461,2024-02-14,375260,129803,121356
F462,2024-11-11,372892,64013,132848
F463,2024-07-17,370438,179896,69801
F464,2024-08-08,25975,192109,63796
F465,2024-08-07,200646,144758,86675
F466,2024-05-24,81679,121064,114222
F467,2024-09-07,405332,124713,71425
F468,2024-11-13,298352,111440,95912
F469,2024-10-15,484169,13835,7479
F470,2024-07-08,141504,81750,91229
F471,2024-01-06,420417,48379,16925
F472,2024-12-23,316989,49576,68410
F473,2024-09-15,106896,10966,115637
F474,2024-09-23,40810,49647,128162
F475,2024-03-27,253494,86523,50106
F476,2024-05-11,34325,66843,35463
F477,2024-05-14,243267,53078,50608
F478,2024-10-08,463699,130710,70109
F479,2024-04-15,43767,65869,53863
F480,2024-04-06,461784,123175,30187
F481,2024-08-20,436558,198999,47879
F482,2024-08-21,440553,158074,84818
F483,2024-02-04,255377,37000,62803
F484,2024-06-04,34124,135191,138695
F485,2024-09-02,427431,164415,94325
F486,2024-10-23,106063,36267,80879
F487,2024-06-26,112276,16336,28805
F488,2024-08-14,393808,166716,98187
F489,2024-02-08,86337,179288,22680
F490,2024-12-01,224966,37933,42428
F491,2024-01-10,206130,77542,130871
F492,2024-03-11,127958,125491,67209
F493,2024-09-19,206227,170943,69297
F494,2024-10-07,42997,60305,147188
F495,2024-08-05,79809,91395,79178
F496,2024-01-11,122596,171888,5944
F497,2024-07-17,107608,156927,109374
F498,2024-10-21,486761,60674,110634
F499,2024-07-01,15561,37583,25375
F500,2024-09-24,47632,167842,65193
F501,2024-03-04,495354,86117,140615
F502,2024-12-07,418723,111193,92398
F503,2024-11-17,340482,161807,20987
F504,2024-07-08,307290,93637,78983
F505,2024-11-03,252207,73538,73043
F506,2024-08-19,385820,143281,14002
F507,2024-03-02,150443,185982,49437
F508,2024-07-22,206722,192643,53315
F509,2024-10-22,75673,101921,11920
F510,2024-01-07,147601,59944,68878
F511,2024-11-06,382484,130670,88537
F512,2024-08-17,148363,34077,125315
F513,2024-10-19,338518,112224,83724
F514,2024-04-06,307597,36583,122958
F515,2024-10-11,152048,115750,133517
F516,2024-12-28,207574,70084,3841
F517,2024-05-26,267985,39131,50655
F518,2024-11-20,57086,56169,65975
F519,2024-05-21,487688,98635,109510
F520,2024-08-26,247069,72811,20733
F521,2024-05-16,204516,180142,6397
F522,2024-05-12,158849,150311,118456
F523,2024-06-11,382241,86654,39683
F524,2024-03-25,471069,62695,40174
F525,2024-04-19,478330,17715,103092
F526,2024-08-22,39940,197565,80051
F527,2024-02-14,468380,112565,137092
F528,2024-09-14,372322,142136,13431
F529,2024-04-21,47268,195947,70481
F530,2024-09-18,134786,114397,110029
F531,2024-01-31,218669,106721,97263
F532,2024-03-15,155503,76876,44891
F533,2024-07-05,144706,181195,10482
F534,2024-01-14,461510,199195,11773
F535,2024-03-14,416763,88352,56546
F536,2024-08-18,373321,84983,118288
F537,2024-11-06,303841,82598,17300
F538,2024-10-13,194134,145456,4046
F539,2024-02-28,143105,12754,25662
F540,2024-09-20,471579,174648,133225
F541,2024-04-08,191621,126146,87683
F542,2024-09-24,254681,76607,136595
F543,2024-12-20,212789,137464,115547
F544,2024-03-21,125074,141088,85362
F545,2024-05-05,16829,134402,116203
F546,2024-05-15,431615,24580,107302
F547,2024-05-26,467544,76454,148810
F548,2024-11-04,346312,68355,9656
F549,2024-12-21,193238,22140,138965
F550,2024-05-18,434345,172435,120326
F551,2024-04-17,426557,152170,40566
F552,2024-07-15,70524,8486,40520
F553,2024-07-05,99903,132424,6793
F554,2024-06-04,77089,120246,67049
F555,2024-09-14,87374,99923,86042
F556,2024-05-05,267012,184355,72653
F557,2024-05-18,264446,91187,26082
F558,2024-11-15,48456,134259,101457
F559,2024-05-25,418294,85506,114769
F560,2024-10-29,58058,185492,16193
F561,2024-04-22,336097,120586,114510
F562,2024-02-22,45133,116950,146181
F563,2024-10-01,142781,55245,131238
F564,2024-02-09,194081,45538,97793
F565,2024-11-27,96905,152256,93600
F566,2024-12-21,150628,16386,142350
F567,2024-04-19,486046,176266,53297
F568,2024-08-17,224774,59087,124987
F569,2024-10-05,453781,183020,51032
F570,2024-02-24,356683,153536,67726
F571,2024-06-10,490954,43806,90913
F572,2024-08-12,471674,172544,95519
F573,2024-02-27,400166,115001,67612
F574,2024-07-23,350639,117465,130376
F575,2024-12-19,418994,140890,93653
F576,2024-08-08,250254,164119,113421
F577,2024-06-06,205234,68783,80861
F578,2024-03-01,272017,151555,122280
F579,2024-12-03,296041,175107,137144
F580,2024-11-07,419462,123134,120880
F581,2024-12-20,390861,119758,137802
F582,2024-05-11,342779,130770,55861
F583,2024-07-15,134021,74247,74375
F584,2024-02-08,185855,114252,60232
F585,2024-07-25,65017,82183,144956
F586,2024-03-13,273641,164214,122579
F587,2024-08-25,379707,10772,125754
F588,2024-02-19,245907,50471,124960
F589,2024-03-12,146085,8433,49392
F590,2024-08-23,206402,119258,145771
F591,2024-10-04,448415,54472,137850
F592,2024-03-28,259983,18432,43644
F593,2024-01-24,110095,100687,143631
F594,2024-03-13,54599,172952,86199
F595,2024-05-29,63021,34764,71577
F596,2024-02-03,229713,85697,129185
F597,2024-05-11,342324,40211,4819
F598,2024-04-22,390177,129136,120042
F599,2024-02-26,286626,17839,136717
F600,2024-11-14,459800,132386,55879
F601,2024-12-21,225547,167628,73101
F602,2024-07-11,120494,47321,56585
F603,2024-12-18,74337,134842,59848
F604,2024-12-12,108412,172301,20248
F605,2024-11-29,217428,76016,14600
F606,2024-09-16,125017,175554,126070
F607,2024-02-04,168053,11268,96086
F608,2024-10-15,361701,27854,94283
F609,2024-04-29,255936,5614,147423
F610,2024-04-23,218167,177717,111403
F611,2024-01-12,493791,101081,76120
F612,2024-12-19,345638,44265,15968
F613,2024-03-18,482413,66718,77256
F614,2024-01-02,176909,172322,66510
F615,2024-12-12,460619,89226,113086
F616,2024-08-10,461465,26384,94957
F617,2024-10-27,382682,12907,138895
F618,2024-07-02,307563,89065,98878
F619,2024-12-19,152749,26409,141136
F620,2024-10-12,303220,109359,128277
F621,2024-06-10,111400,119958,2485
F622,2024-05-03,395050,109253,6431
F623,2024-11-03,269143,71208,69270
F624,2024-05-20,468350,91543,94451
F625,2024-07-28,173401,55678,128307
F626,2024-09-21,383371,69325,90104
F627,2024-03-10,245749,137604,97088
F628,2024-03-12,102764,16802,55522
F629,2024-11-23,445216,71699,123945
F630,2024-12-09,401194,140901,138522
F631,2024-10-31,25092,10343,148474
F632,2024-10-07,82305,167472,100975
F633,2024-04-24,254246,6150,79281
F634,2024-01-26,464362,80886,25831
F635,2024-04-12,157429,163231,126859
F636,2024-04-24,374873,98083,20277
F637,2024-10-16,328159,73457,12862
F638,2024-09-01,41089,187137,68558
F639,2024-05-15,26581,160221,114871
F640,2024-12-31,464144,167189,54202
F641,2024-01-02,347752,26234,56964
F642,2024-04-26,91712,171126,135749
F643,2024-12-03,273440,192967,29347
F644,2024-09-28,21040,68438,115494
F645,2024-07-18,318255,188373,66234
F646,2024-09-30,326429,35272,131372
F647,2024-06-15,229907,169800,100364
F648,2024-06-18,394991,148120,127854
F649,2024-10-14,119822,67628,28929
F650,2024-10-14,300365,89812,6706
F651,2024-04-15,398368,60478,90804
F652,2024-08-27,32744,32379,33005
F653,2024-12-06,460298,80407,5272
F654,2024-07-30,495490,107376,91792
F655,2024-01-22,346269,111709,56643
F656,2024-08-28,353562,161372,148227
F657,2024-01-27,211371,68973,145077
F658,2024-04-16,398104,51907,85604
F659,2024-01-01,426327,39225,126164
F660,2024-08-12,324525,75098,28223
F661,2024-08-18,356427,103061,105941
F662,2024-05-20,470203,123488,113727
F663,2024-09-12,18101,5243,93028
F664,2024-11-29,280329,156821,106189
F665,2024-07-18,40159,9206,86133
F666,2024-07-13,266063,84980,7764
F667,2024-08-27,494819,125768,39693
F668,2024-07-22,385881,169278,131199
F669,2024-05-15,174788,137773,55819
F670,2024-08-08,337906,63614,16505
F671,2024-01-20,399510,55930,101912
F672,2024-11-13,231374,103356,5098
F673,2024-07-14,209945,14557,38778
F674,2024-01-25,37668,127969,13557
F675,2024-02-01,453741,74059,30541
F676,2024-05-06,231125,50351,97943
F677,2024-11-20,355355,26930,94694
F678,2024-11-15,24441,73722,130831
F679,2024-07-17,361434,49026,127793
F680,2024-10-16,226246,14063,63687
F681,2024-04-14,498003,196278,15198
F682,2024-05-28,482224,94524,27657
F683,2024-12-04,176688,178758,131282
F684,2024-05-14,472221,20130,80800
F685,2024-04-30,109713,55660,21518
F686,2024-02-27,260114,28482,113532
F687,2024-06-09,337731,158610,101653
F688,2024-06-18,180475,197707,90164
F689,2024-02-22,177569,61607,60398
F690,2024-03-25,323890,127390,23123
F691,2024-07-01,356051,52590,111331
F692,2024-06-14,380183,114653,75947
F693,2024-03-21,261590,17298,43897
F694,2024-10-28,332340,64585,82389
F695,2024-03-21,364091,33504,90306
F696,2024-09-27,451497,130327,119682
F697,2024-05-15,13594,123091,43124
F698,2024-02-18,118600,63796,4050
F699,2024-02-22,224769,89639,24125
F700,2024-04-24,69344,198696,57164
F701,2024-02-06,203916,185778,51103
F702,2024-12-04,470100,85707,141990
F703,2024-08-08,35965,102528,44114
F704,2024-10-20,463105,167643,63261
F705,2024-12-18,237788,5097,145489
F706,2024-12-25,498979,95807,60851
F707,2024-11-12,360690,26310,65144
F708,2024-04-06,320481,107700,95720
F709,2024-01-07,478109,117527,132148
F710,2024-08-14,65372,90497,82606
F711,2024-09-19,228325,90004,121761
F712,2024-02-28,106780,178748,68232
F713,2024-06-01,141381,75766,83718
F714,2024-07-13,164628,47357,76285
F715,2024-02-01,15741,194968,137802
F716,2024-07-01,203268,63929,29624
F717,2024-03-15,240360,174215,133942
F718,2024-07-31,355870,88495,110053
F719,2024-04-05,237051,118066,122254
F720,2024-11-17,56966,114875,109820
F721,2024-06-21,24286,166679,106864
F722,2024-03-18,182558,177586,24225
F723,2024-02-24,54501,185303,123976
F724,2024-07-06,320819,41160,131341
F725,2024-09-21,387172,191196,38871
F726,2024-03-23,324256,156575,16295
F727,2024-01-03,112412,106173,134742
F728,2024-10-14,482378,153397,91060
F729,2024-02-23,154989,136504,141990
F730,2024-08-02,377887,179093,57085
F731,2024-07-29,424395,15325,19418
F732,2024-03-16,28063,36476,97257
F733,2024-10-05,318657,192060,106249
F734,2024-09-26,246397,91398,149456
F735,2024-06-12,130930,22124,113933
F736,2024-08-21,491903,108839,60171
F737,2024-03-07,230720,120587,66028
F738,2024-05-17,459793,111483,40185
F739,2024-03-08,212631,81957,123179
F740,2024-03-19,258431,32489,106590
F741,2024-11-03,292714,119374,43270
F742,2024-09-05,50164,157595,31086
F743,2024-04-08,82260,15427,129694
F744,2024-02-18,159211,121299,61622
F745,2024-02-13,169593,102550,34423
F746,2024-12-13,127096,88000,129284
F747,2024-08-06,321533,78230,149883
F748,2024-08-09,497859,189016,49320
F749,2024-07-01,209812,111605,40132
F750,2024-04-22,117670,30815,142240
F751,2024-10-02,277689,61334,74767
F752,2024-05-13,326645,138906,124444
F753,2024-01-01,424153,152596,74488
F754,2024-08-29,409987,145276,136037
F755,2024-07-28,407721,54312,2490
F756,2024-06-25,413910,46587,144045
F757,2024-04-09,165345,28901,76469
F758,2024-08-28,383074,16910,48563
F759,2024-08-05,179857,9139,142969
F760,2024-02-03,268392,32068,139717
F761,2024-08-15,254779,83569,66707
F762,2024-01-17,140903,191605,39712
F763,2024-12-10,373251,182455,36267
F764,2024-07-09,200840,154308,37600
F765,2024-09-04,479186,115411,48420
F766,2024-11-12,240463,6620,118868
F767,2024-11-10,44501,106050,43756
F768,2024-12-13,189181,12736,2342
F769,2024-03-19,423658,133446,96592
F770,2024-08-06,190308,132398,68822
F771,2024-06-09,215182,107869,18158
F772,2024-08-19,102177,107799,5069
F773,2024-10-23,53424,46833,44489
F774,2024-03-14,318475,157083,143097
F775,2024-10-26,147389,62341,72671
F776,2024-02-01,48479,109784,94686
F777,2024-07-10,65282,151205,121113
F778,2024-12-24,310600,71211,53525
F779,2024-09-09,430308,139221,57879
F780,2024-07-07,15732,143480,39642
F781,2024-10-08,79825,189856,76770
F782,2024-10-22,193346,114052,110393
F783,2024-11-10,430609,125707,102185
F784,2024-02-19,381366,177893,22185
F785,2024-07-23,125586,163185,47703
F786,2024-03-13,427871,162130,100957
F787,2024-06-15,395268,40109,9568
F788,2024-09-28,314539,36222,83878
F789,2024-04-07,302704,87890,10843
F790,2024-11-25,312238,94142,103078
F791,2024-12-09,68283,125169,4029
F792,2024-06-21,179189,106821,56310
F793,2024-12-11,96538,57828,58437
F794,2024-11-14,319737,33813,148706
F795,2024-03-08,12659,100433,68479
F796,2024-09-10,101402,53612,88198
F797,2024-12-14,87478,44769,27071
F798,2024-08-04,299263,118502,7265
F799,2024-01-11,11157,30521,79510
F800,2024-09-03,126927,47554,39171
F801,2024-03-24,297166,162491,53921
F802,2024-12-09,129358,121425,54876
F803,2024-08-26,45102,44433,143517
F804,2024-04-04,129156,87387,14646
F805,2024-06-01,51125,67527,56075
F806,2024-11-20,453618,15098,36689
F807,2024-08-23,123553,25817,70093
F808,2024-07-03,158104,147859,110466
F809,2024-03-27,224313,137227,147084
F810,2024-09-04,430336,79474,4850
F811,2024-06-29,498219,129808,110739
F812,2024-07-12,235474,77347,131730
F813,2024-11-07,212262,103611,136550
F814,2024-03-06,181913,170322,113481
F815,2024-08-06,331156,182961,127232
F816,2024-01-22,495633,86403,38823
F817,2024-07-03,298664,103761,8853
F818,2024-10-15,399691,26488,40613
F819,2024-09-06,461030,25506,135450
F820,2024-01-05,491602,146438,116707
F821,2024-09-25,36363,165777,48243
F822,2024-10-25,74948,150435,135170
F823,2024-12-05,140320,55791,88930
F824,2024-05-19,307128,158346,53018
F825,2024-07-17,69134,177558,51632
F826,2024-11-07,139056,130358,87527
F827,2024-07-15,335723,19048,45361
F828,2024-10-11,435732,180860,148165
F829,2024-01-25,121865,183458,85787
F830,2024-09-23,466296,89579,122989
F831,2024-06-17,480015,177118,26202
F832,2024-04-05,113766,45424,104239
F833,2024-10-20,250200,134307,144832
F834,2024-04-26,483669,186018,101228
F835,2024-03-22,214677,23514,40310
F836,2024-07-08,325887,181201,84217
F837,2024-04-30,272472,24021,63664
F838,2024-03-19,384992,168178,135717
F839,2024-02-13,458908,28088,120905
F840,2024-01-19,205965,24159,99559
F841,2024-10-19,477970,72924,89535
F842,2024-05-12,497053,179688,125912
F843,2024-08-18,294482,81726,31662
F844,2024-01-04,254003,52847,82766
F845,2024-01-01,51133,90968,18951
F846,2024-05-05,433505,90153,122286
F847,2024-09-29,19344,151456,68697
F848,2024-06-19,306723,10817,45794
F849,2024-04-09,229516,84419,79713
F850,2024-11-01,46188,7555,8599
F851,2024-02-05,175463,111796,76876
F852,2024-01-01,497295,84862,93878
F853,2024-04-29,248047,60390,89926
F854,2024-07-28,13218,70688,7102
F855,2024-10-11,217812,26559,123385
F856,2024-07-27,412648,97067,44432
F857,2024-11-17,348903,96745,94503
F858,2024-02-05,287159,50114,134262
F859,2024-03-02,217739,34664,41580
F860,2024-05-27,124203,151596,47901
F861,2024-03-23,145014,18053,100137
F862,2024-11-05,40717,105854,44674
F863,2024-03-22,242184,147636,129291
F864,2024-12-28,81449,168221,67262
F865,2024-02-16,184490,157770,45905
F866,2024-03-15,307204,187205,81534
F867,2024-08-12,270431,13195,95117
F868,2024-05-07,315418,11191,147203
F869,2024-02-24,20586,176655,4788
F870,2024-06-19,219179,90407,96398
F871,2024-10-26,497143,90867,102824
F872,2024-01-21,357461,75806,47087
F873,2024-08-09,163004,179009,83178
F874,2024-11-04,39738,32174,45492
F875,2024-06-23,98571,119765,42201
F876,2024-05-03,436638,186562,38646
F877,2024-04-30,148240,5484,134790
F878,2024-12-08,132723,176156,133063
F879,2024-06-01,347779,22034,54023
F880,2024-04-05,492768,160432,135668
F881,2024-06-17,15639,154514,99850
F882,2024-06-07,339468,169279,51599
F883,2024-01-13,242599,32599,41462
F884,2024-01-06,130956,169311,147002
F885,2024-09-13,32822,79775,110986
F886,2024-05-15,269900,150738,42283
F887,2024-02-25,336833,160435,10063
F888,2024-07-08,328678,42975,132092
F889,2024-03-27,272050,191857,68688
F890,2024-07-15,373055,134060,140012
F891,2024-01-17,137577,120321,55370
F892,2024-10-27,351578,89455,36537
F893,2024-11-05,50027,186608,100845
F894,2024-02-08,359381,49689,30251
F895,2024-11-16,471668,172128,95897
F896,2024-04-04,36712,93371,91178
F897,2024-06-30,214809,142223,42607
F898,2024-05-23,164848,31303,88261
F899,2024-07-15,106884,144558,58203
F900,2024-08-27,47930,132823,80211
F901,2024-06-08,359400,14756,84343
F902,2024-10-08,438160,196304,68841
F903,2024-06-11,176541,172814,94341
F904,2024-02-22,119706,188885,149349
F905,2024-06-19,145577,144160,88020
F906,2024-06-17,268342,45356,148239
F907,2024-01-24,228873,57545,29356
F908,2024-02-13,241747,184986,121010
F909,2024-07-25,477661,89695,114392
F910,2024-10-05,470635,163665,66539
F911,2024-05-05,267596,66361,10614
F912,2024-03-15,122954,81855,119477
F913,2024-08-09,90826,164372,95061
F914,2024-11-06,313047,152200,33336
F915,2024-11-21,362539,149014,38823
F916,2024-12-31,385655,111932,13441
F917,2024-11-20,431205,160014,48253
F918,2024-04-24,81165,95087,134744
F919,2024-08-27,474457,21381,82875
F920,2024-08-24,239987,43991,10330
F921,2024-03-04,32150,39641,143901
F922,2024-05-21,72479,28742,108535
F923,2024-01-30,225546,40725,128999
F924,2024-05-11,110984,128158,91909
F925,2024-01-06,422006,135616,101965
F926,2024-02-08,431240,99998,145428
F927,2024-05-25,254204,170143,22552
F928,2024-11-02,87369,34013,137877
F929,2024-04-12,462738,51297,121621
F930,2024-04-15,126279,53163,24435
F931,2024-02-26,298616,150606,137593
F932,2024-07-05,197122,149951,46307
F933,2024-11-12,203027,117720,91423
F934,2024-05-24,396744,34301,95452
F935,2024-08-12,465399,190994,18654
F936,2024-02-07,89920,158910,97650
F937,2024-07-22,305246,117152,60209
F938,2024-07-27,262386,95415,60887
F939,2024-03-29,454165,163258,111114
F940,2024-02-06,261829,112527,31126
F941,2024-05-24,64591,177419,116882
F942,2024-03-31,280390,58668,96020
F943,2024-01-31,209553,119674,104165
F944,2024-09-26,290720,72528,9342
F945,2024-06-29,323709,146668,78140
F946,2024-10-18,282268,146005,136244
F947,2024-12-07,339431,15543,50563
F948,2024-09-04,317597,90024,118662
F949,2024-01-05,321224,97274,48704
F950,2024-10-22,37271,153689,51849
F951,2024-07-16,209369,102389,39383
F952,2024-03-28,253675,51103,90545
F953,2024-09-26,17456,30407,143521
F954,2024-06-01,399402,199801,30492
F955,2024-07-30,481681,38517,34489
F956,2024-07-11,237896,156447,119892
F957,2024-02-04,428403,106807,123834
F958,2024-06-28,363327,73783,131193
F959,2024-08-07,22310,114813,13894
F960,2024-06-05,320602,27338,99878
F961,2024-07-04,133799,138250,118589
F962,2024-09-06,92676,160609,73921
F963,2024-12-25,175582,43633,13347
F964,2024-11-23,222222,154123,138122
F965,2024-01-31,118696,62521,128086
F966,2024-10-03,332773,98796,15757
F967,2024-01-09,139494,168647,24534
F968,2024-10-12,210256,135664,142332
F969,2024-12-29,131369,26539,138685
F970,2024-01-18,324963,111228,20833
F971,2024-01-30,131289,56768,108323
F972,2024-03-24,128156,6531,7136
F973,2024-11-11,365800,194217,61766
F974,2024-07-01,230111,91010,128674
F975,2024-05-02,13214,161246,5182
F976,2024-01-10,486484,35653,6603
F977,2024-09-04,118951,43928,139915
F978,2024-02-10,492394,103759,127805
F979,2024-09-14,316546,53094,63348
F980,2024-04-28,150460,13545,45818
F981,2024-09-17,273591,154568,130021
F982,2024-09-04,307472,91099,64320
F983,2024-10-19,256753,166272,68740
F984,2024-11-12,84408,73548,87221
F985,2024-11-09,304937,110626,134849
F986,2024-09-24,39387,105589,93047
F987,2024-02-10,305624,130153,51741
F988,2024-01-28,498480,44769,89547
F989,2024-10-18,33591,182758,87679
F990,2024-04-03,30314,117385,118723
F991,2024-02-11,290947,99456,113607
F992,2024-06-30,426086,146467,70650
F993,2024-02-07,370633,7069,71884
F994,2024-12-06,120043,21647,25533
F995,2024-04-12,110649,75386,29926
F996,2024-11-22,267120,91319,35879
F997,2024-03-09,386782,102877,72839
F998,2024-07-04,49138,26366,43310
F999,2024-03-19,475726,73864,66768
F1000,2024-02-17,143425,177656,114616
F1001,2024-09-03,360007,167757,9333
F1002,2024-05-25,12200,166237,148603
F1003,2024-04-24,232804,166975,85512
F1004,2024-01-12,420436,100169,129863
F1005,2024-09-12,122052,179470,141146
F1006,2024-10-09,136320,43880,73812
F1007,2024-07-24,77680,29863,41103
F1008,2024-04-30,327399,180490,117536
F1009,2024-11-28,168391,117788,110249
F1010,2024-06-12,239022,123174,15041
F1011,2024-04-26,455585,33375,8942
F1012,2024-01-09,209902,40441,11114
F1013,2024-03-16,116754,62766,101446
F1014,2024-12-10,362353,59891,73378
F1015,2024-02-19,138279,188623,26755
F1016,2024-01-22,271099,179533,142983
F1017,2024-09-17,30904,116955,35966
F1018,2024-01-15,327544,178883,148823
F1019,2024-12-28,13869,148425,73730
F1020,2024-03-17,325189,172629,94916
F1021,2024-09-27,289754,24160,56038
F1022,2024-08-04,126574,174070,35855
F1023,2024-08-13,127017,124441,19975
F1024,2024-12-08,412472,141807,109346
F1025,2024-07-27,157108,174669,104646
F1026,2024-09-16,16553,9379,94406
F1027,2024-12-26,138787,54176,132921
F1028,2024-10-30,315492,15835,48818
F1029,2024-01-07,113948,57806,90410
F1030,2024-06-29,235975,168089,79923
F1031,2024-04-04,440573,29833,99243
F1032,2024-10-17,259135,147043,67211
F1033,2024-01-21,346593,193750,62844
F1034,2024-07-06,104716,192062,45498
F1035,2024-03-16,223927,155621,40435
F1036,2024-09-17,107211,37519,112481
F1037,2024-07-05,153449,168538,136835
F1038,2024-03-16,102922,179493,147857
F1039,2024-04-30,495825,167120,50303
F1040,2024-01-10,318752,144882,110543
F1041,2024-02-15,368506,34307,114832
F1042,2024-06-26,438505,190149,99084
F1043,2024-07-08,280245,74083,82072
F1044,2024-07-05,228526,130856,58907
F1045,2024-08-09,301412,13182,76614
F1046,2024-02-13,259704,34937,127038
F1047,2024-12-28,209584,77451,74713
F1048,2024-05-26,14330,29455,82861
F1049,2024-05-25,213467,100602,109697
F1050,2024-10-08,162005,25641,142132
F1051,2024-09-09,63078,125867,87691
F1052,2024-01-28,301854,27940,143348
F1053,2024-10-31,473384,137330,101719
F1054,2024-02-01,392821,120267,142234
F1055,2024-09-03,85953,51882,72782
F1056,2024-04-12,128214,180387,11726
F1057,2024-01-20,270700,44164,8053
F1058,2024-03-25,278767,107169,107143
F1059,2024-10-28,80170,86541,17974
F1060,2024-02-27,15383,188831,81734
F1061,2024-09-28,145995,157877,126494
F1062,2024-03-16,197844,197454,29476
F1063,2024-05-08,452951,67854,59785
F1064,2024-06-22,50223,68996,5850
F1065,2024-09-26,231181,138443,115170
F1066,2024-05-21,489237,175619,119543
F1067,2024-03-23,249259,121895,125201
F1068,2024-10-07,220450,36285,140876
F1069,2024-02-11,418693,22078,18967
F1070,2024-08-24,111855,185820,11468
F1071,2024-01-13,143098,176914,101276
F1072,2024-11-04,461883,94935,103467
F1073,2024-07-06,227680,118703,99238
F1074,2024-07-30,50535,37660,117975
F1075,2024-03-08,368027,146102,105935
F1076,2024-02-10,94056,177011,5562
F1077,2024-09-18,438582,51458,27393
F1078,2024-05-03,357847,72966,126612
F1079,2024-10-08,335560,51453,74479
F1080,2024-09-10,103511,135007,122551
F1081,2024-08-06,61801,176950,57364
F1082,2024-01-22,89011,157879,122582
F1083,2024-06-05,323236,32420,3058
F1084,2024-04-22,375457,192834,128038
F1085,2024-08-18,293664,121560,15321
F1086,2024-10-22,29735,191212,36384
F1087,2024-11-17,63167,75791,88356
F1088,2024-10-18,187750,40880,63565
F1089,2024-04-26,79927,170248,75481
F1090,2024-08-02,187996,150823,56478
F1091,2024-10-01,315081,70184,43113
F1092,2024-03-28,282984,132515,126261
F1093,2024-10-16,277303,187972,149877
F1094,2024-07-09,303956,13632,75936
F1095,2024-10-07,66998,105586,108962
F1096,2024-07-21,304660,123585,133647
F1097,2024-03-09,471965,153503,33673
F1098,2024-05-21,76752,57602,85898
F1099,2024-01-21,216626,139497,29169
F1100,2024-10-26,64224,111979,110159
F1101,2024-06-28,127995,73913,69359
F1102,2024-04-11,379752,86305,68347
F1103,2024-07-26,337379,158776,126554
F1104,2024-05-04,398908,77415,28699
F1105,2024-11-26,83056,166547,74096
F1106,2024-02-17,93833,38705,142290
F1107,2024-09-10,499424,25864,69442
F1108,2024-11-29,158703,135094,110697
F1109,2024-07-08,492074,56866,20853
F1110,2024-03-20,62318,167129,52628
F1111,2024-10-24,408416,77649,68241
F1112,2024-07-12,304038,179911,73732
F1113,2024-06-04,178964,182872,54399
F1114,2024-05-12,81909,29787,103629
F1115,2024-03-13,52738,188729,92522
F1116,2024-07-27,211440,35897,80939
F1117,2024-04-21,383161,110547,27874
F1118,2024-02-11,231108,92508,62927
F1119,2024-06-02,40203,30257,57746
F1120,2024-04-07,414023,36402,55325
F1121,2024-11-25,149522,7164,77230
F1122,2024-04-13,15786,24676,5171
F1123,2024-02-27,348733,165876,61141
F1124,2024-05-18,312101,68152,7717
F1125,2024-04-06,246990,198922,75752
F1126,2024-05-29,326732,168262,148460
F1127,2024-02-23,414843,52371,100561
F1128,2024-04-02,407780,139664,138876
F1129,2024-07-31,184322,89656,36749
F1130,2024-05-19,413759,52481,40596
F1131,2024-09-28,321180,126460,31338
F1132,2024-02-12,222701,111541,14921
F1133,2024-01-26,263596,146886,34273
F1134,2024-04-06,410140,141675,65890
F1135,2024-01-06,442174,118087,11098
F1136,2024-12-31,58082,85725,97457
F1137,2024-08-13,337704,84976,78815
F1138,2024-01-19,395773,150295,76913
F1139,2024-10-05,269570,39642,71308
F1140,2024-01-25,440643,62165,74075
F1141,2024-12-14,316277,175721,113769
F1142,2024-01-16,116968,169584,45261
F1143,2024-09-14,105457,24625,65560
F1144,2024-04-02,209974,163020,148077
F1145,2024-02-27,139819,32009,80654
F1146,2024-08-12,20736,87293,6324
F1147,2024-05-25,289979,83131,66821
F1148,2024-06-30,31830,11809,15578
F1149,2024-01-09,141156,104871,37018
F1150,2024-01-02,220217,64823,40815
F1151,2024-11-06,493957,162574,80291
F1152,2024-05-12,115240,179561,93619
F1153,2024-04-23,179922,148507,104502
F1154,2024-09-09,495798,157194,101050
F1155,2024-10-02,432910,144110,137021
F1156,2024-05-11,322910,67922,129094
F1157,2024-05-12,422195,144076,100318
F1158,2024-01-17,465632,123356,14464
F1159,2024-01-05,281724,52057,80942
F1160,2024-02-19,86853,119307,110656
F1161,2024-07-18,232739,130066,146347
F1162,2024-08-11,424804,56220,98842
F1163,2024-10-07,432571,38962,100356
F1164,2024-01-25,52816,127377,93200
F1165,2024-05-07,389776,18394,87541
F1166,2024-04-01,369466,99197,12834
F1167,2024-09-12,361156,56494,137985
F1168,2024-10-29,49322,124388,24874
F1169,2024-11-02,220633,59335,109394
F1170,2024-02-24,88677,194574,43117
F1171,2024-02-29,332735,191749,52292
F1172,2024-02-08,97490,87081,55491
F1173,2024-03-18,319043,29887,16592
F1174,2024-10-17,293948,133579,9879
F1175,2024-06-24,428802,137020,56852
F1176,2024-08-23,461228,171377,106976
F1177,2024-10-18,322049,162843,2948
F1178,2024-02-22,170467,56063,58242
F1179,2024-05-07,470684,89084,143415
F1180,2024-05-12,219933,196994,114749
F1181,2024-03-12,112137,147202,93860
F1182,2024-05-17,184464,64949,123790
F1183,2024-01-02,111343,175098,108254
F1184,2024-04-04,415455,116959,56145
F1185,2024-02-08,268324,199724,137065
F1186,2024-06-01,257962,93880,123195
F1187,2024-02-03,278437,159495,11888
F1188,2024-07-25,379134,169489,105548
F1189,2024-07-02,336132,65712,19614
F1190,2024-08-21,21837,194617,123812
F1191,2024-12-02,227801,164401,58643
F1192,2024-01-22,266878,128507,14004
F1193,2024-02-02,351011,197897,18708
F1194,2024-07-28,316149,24892,32048
F1195,2024-03-03,388400,20185,49451
F1196,2024-09-10,351916,151837,72677
F1197,2024-04-04,175094,158371,51096
F1198,2024-01-12,357141,48442,19003
F1199,2024-11-13,497917,135990,76857
F1200,2024-09-06,330891,104971,19772
F1201,2024-05-07,443594,91766,53636
F1202,2024-06-12,163356,30171,141723
F1203,2024-05-13,97713,182253,21178
F1204,2024-06-07,287289,42210,62785
F1205,2024-12-21,379547,118787,120805
F1206,2024-11-25,373540,112392,54994
F1207,2024-07-09,328853,159444,2996
F1208,2024-06-14,310022,133949,104763
F1209,2024-01-26,169687,160158,121810
F1210,2024-01-16,216324,32554,53568
F1211,2024-08-20,494762,79992,56598
F1212,2024-01-24,281057,17358,126555
F1213,2024-03-13,466800,59710,76954
F1214,2024-10-05,432869,181351,118927
F1215,2024-11-18,71957,74820,35430
F1216,2024-02-01,305785,30567,10685
F1217,2024-07-20,330358,82939,4183
F1218,2024-02-16,433312,37557,141949
F1219,2024-06-11,211926,164043,69607
F1220,2024-08-01,44803,96964,106874
F1221,2024-01-25,185873,196813,100740
F1222,2024-07-05,303161,57664,148924
F1223,2024-12-15,70174,81045,54869
F1224,2024-08-10,183800,192166,122792
F1225,2024-09-20,81143,156916,85613
F1226,2024-12-22,280494,164027,95370
F1227,2024-09-11,142169,182934,129876
F1228,2024-08-16,343627,9369,121849
F1229,2024-12-18,107662,144797,80966
F1230,2024-04-05,35835,193739,92934
F1231,2024-08-22,421586,96924,130084
F1232,2024-05-04,342480,128512,19011
F1233,2024-09-10,268612,50016,62714
F1234,2024-11-25,68407,20976,137646
F1235,2024-12-29,56673,112704,142249
F1236,2024-02-10,96123,63111,89437
F1237,2024-11-08,418247,129427,120425
F1238,2024-08-05,295928,105235,41210
F1239,2024-07-23,285262,182415,139000
F1240,2024-07-08,284117,143881,60761
F1241,2024-11-24,13902,180968,32325
F1242,2024-08-12,83575,112803,84025
F1243,2024-12-16,86216,83175,145301
F1244,2024-05-19,41639,52919,48287
F1245,2024-02-25,375065,97044,70849
F1246,2024-07-04,422615,139884,54190
F1247,2024-05-30,426216,174155,121523
F1248,2024-08-04,263289,134156,87633
F1249,2024-06-09,121426,54415,73520
F1250,2024-02-10,448230,194991,135898
F1251,2024-08-23,196200,156500,35441
F1252,2024-05-07,46017,181467,149453
F1253,2024-04-29,220997,86079,18423
F1254,2024-11-13,141494,183773,107101
F1255,2024-02-27,322136,42331,82524
F1256,2024-01-04,302486,175236,95964
F1257,2024-09-25,149381,171126,106967
F1258,2024-01-31,94959,158490,36800
F1259,2024-10-04,444709,34171,43534
F1260,2024-12-31,56791,157063,64276
F1261,2024-04-10,41608,110435,48164
F1262,2024-09-04,172191,172999,138142
F1263,2024-07-04,379450,193317,16639
F1264,2024-10-12,147621,22124,27999
F1265,2024-09-04,473342,20353,55904
F1266,2024-10-16,436074,108772,50764
F1267,2024-12-16,352797,105333,19351
F1268,2024-05-13,211776,122861,71237
F1269,2024-04-28,266654,77568,118978
F1270,2024-12-11,392563,103047,99036
F1271,2024-10-27,384476,19476,77157
F1272,2024-03-17,83111,97947,149701
F1273,2024-04-02,402700,183085,4610
F1274,2024-02-19,78675,23071,80647
F1275,2024-09-12,230948,107561,114924
F1276,2024-06-02,68105,124946,91412
F1277,2024-02-08,459279,13038,11496
F1278,2024-08-01,77710,71101,61895
F1279,2024-11-03,274210,31664,138947
F1280,2024-01-04,21921,7881,147017
F1281,2024-06-11,439042,144066,11944
F1282,2024-01-05,377998,14436,115986
F1283,2024-06-04,231034,117569,146227
F1284,2024-01-21,91285,133459,32946
F1285,2024-03-13,422873,21845,18323
F1286,2024-05-17,307543,182676,55831
F1287,2024-07-01,384275,131872,101017
F1288,2024-08-19,416467,5734,59059
F1289,2024-02-09,237018,195748,5867
F1290,2024-04-16,494807,83533,12597
F1291,2024-05-12,398050,21172,113102
F1292,2024-11-24,182896,140878,112039
F1293,2024-07-27,381156,10056,114041
F1294,2024-10-15,21024,198846,105418
F1295,2024-03-21,386949,82115,77146
F1296,2024-03-31,73796,145496,12630
F1297,2024-08-25,402037,25189,78985
F1298,2024-07-24,48228,181445,124739
F1299,2024-03-21,484226,25189,119838
F1300,2024-09-16,20927,174104,107396
F1301,2024-12-26,445067,139239,85224
F1302,2024-07-17,195849,94345,101721
F1303,2024-02-06,379674,194629,116534
F1304,2024-11-29,380617,147828,119716
F1305,2024-04-25,298984,20662,108069
F1306,2024-09-03,378815,90014,103339
F1307,2024-12-19,391803,163701,56253
F1308,2024-08-17,162448,23469,24077
F1309,2024-02-08,361595,76871,117497
F1310,2024-07-08,488486,47838,97013
F1311,2024-05-27,211858,127523,117633
F1312,2024-12-16,81761,152842,127499
F1313,2024-08-25,48667,103909,30292
F1314,2024-07-05,282252,23851,77757
F1315,2024-02-13,118266,163153,34322
F1316,2024-08-04,55381,84396,133227
F1317,2024-04-28,426146,163067,72256
F1318,2024-07-04,389079,89304,135068
F1319,2024-08-29,238043,114393,94844
F1320,2024-02-21,133478,111612,18107
F1321,2024-10-01,119827,102517,119199
F1322,2024-05-02,245493,79301,146572
F1323,2024-04-12,38677,173172,109408
F1324,2024-05-18,121735,191797,50617
F1325,2024-02-09,493896,150102,9043
F1326,2024-02-05,26154,26957,115903
F1327,2024-12-08,292044,107579,33848
F1328,2024-07-01,411213,123843,99535
F1329,2024-02-13,476645,76232,124398
F1330,2024-08-17,300361,27263,139760
F1331,2024-06-21,434468,57210,97105
F1332,2024-08-17,303768,134969,100179
F1333,2024-07-09,375827,124247,89216
F1334,2024-08-06,168009,26480,96661
F1335,2024-09-14,370860,101882,139504
F1336,2024-05-13,471995,133023,75497
F1337,2024-08-14,56798,179819,101737
F1338,2024-11-24,286764,14681,72514
F1339,2024-10-02,274928,149579,27088
F1340,2024-12-18,330840,13900,20155
F1341,2024-06-23,423261,72826,4871
F1342,2024-12-14,130534,127477,86624
F1343,2024-01-27,319756,83308,57553
F1344,2024-01-01,234476,44173,102902
F1345,2024-03-05,370569,183177,117077
F1346,2024-04-13,253418,93008,62997
F1347,2024-07-04,447381,101955,45495
F1348,2024-08-05,170066,12447,24356
F1349,2024-07-16,180918,67164,108048
F1350,2024-04-27,295318,163267,77397
F1351,2024-09-21,187454,25394,123963
F1352,2024-04-29,365894,85003,66636
F1353,2024-07-01,240233,19815,80899
F1354,2024-06-12,406810,52797,101059
F1355,2024-05-17,90530,91253,111023
F1356,2024-06-07,135714,28503,76449
F1357,2024-03-24,11148,192744,24945
F1358,2024-10-13,199809,195502,8567
F1359,2024-08-26,45636,60280,19264
F1360,2024-09-21,490205,138697,67658
F1361,2024-04-26,49748,133778,81780
F1362,2024-12-26,332579,58266,38338
F1363,2024-09-16,273609,56538,103203
F1364,2024-06-21,449304,104273,76526
F1365,2024-04-22,372353,147279,72108
F1366,2024-12-12,80782,193336,104750
F1367,2024-08-21,62874,65089,134323
F1368,2024-06-29,267888,114924,64324
F1369,2024-03-18,66268,87060,77512
F1370,2024-06-16,404105,68035,86915
F1371,2024-11-09,206138,11692,19011
F1372,2024-07-28,204472,166142,69393
F1373,2024-06-05,289107,84478,107472
F1374,2024-10-10,174003,130559,128138
F1375,2024-06-24,72185,112489,97106
F1376,2024-05-05,32382,25641,57383
F1377,2024-02-21,379819,17520,119742
F1378,2024-08-29,278887,64048,73083
F1379,2024-11-19,278022,50303,112410
F1380,2024-10-18,493754,130376,61370
F1381,2024-05-31,159824,138134,85360
F1382,2024-05-01,118601,120260,39705
F1383,2024-09-11,36962,94002,16024
F1384,2024-02-26,199305,18159,69283
F1385,2024-09-15,173541,158921,136257
F1386,2024-10-27,481951,43134,81409
F1387,2024-10-01,271525,167144,12069
F1388,2024-05-16,374645,5069,16730
F1389,2024-09-06,240837,159393,61704
F1390,2024-05-29,289639,174556,126268
F1391,2024-07-01,281638,142341,39220
F1392,2024-04-29,110571,142431,119970
F1393,2024-06-13,239986,33553,39780
F1394,2024-01-27,31627,26570,127832
F1395,2024-06-11,444627,149146,38636
F1396,2024-06-11,371346,108577,47739
F1397,2024-03-18,157496,136305,77120
F1398,2024-02-21,330436,166143,117298
F1399,2024-12-28,276424,67878,45479
F1400,2024-05-29,388998,151216,79112
F1401,2024-05-29,337327,25599,89535
F1402,2024-04-25,24127,18638,63385
F1403,2024-11-26,14880,37640,65933
F1404,2024-04-05,75656,42323,51178
F1405,2024-10-02,71649,105408,17634
F1406,2024-06-22,297660,91491,64587
F1407,2024-02-03,229913,135208,130705
F1408,2024-03-23,209902,196915,60809
F1409,2024-11-13,168321,9143,6382
F1410,2024-09-22,318259,185352,71566
F1411,2024-04-01,112789,93157,23337
F1412,2024-01-08,450901,64237,40729
F1413,2024-02-23,492297,142232,20540
F1414,2024-09-12,66600,122842,17011
F1415,2024-04-01,352584,9524,89279
F1416,2024-09-29,480031,130484,127324
F1417,2024-02-09,34115,139753,22104
F1418,2024-08-21,422148,160487,112384
F1419,2024-10-31,171602,119102,42976
F1420,2024-03-02,94522,95291,140344
F1421,2024-10-01,377412,122966,83396
F1422,2024-02-18,161830,186124,122612
F1423,2024-10-20,168828,5538,32977
F1424,2024-03-22,257745,16878,63213
F1425,2024-03-02,377801,109106,68832
F1426,2024-10-19,265857,156377,74095
F1427,2024-12-14,223824,88171,72631
F1428,2024-01-15,265886,136691,29277
F1429,2024-11-12,382157,29898,145084
F1430,2024-11-07,321100,154205,100775
F1431,2024-04-24,399964,117787,99497
F1432,2024-08-27,259038,196290,83136
F1433,2024-03-26,417553,118881,41873
F1434,2024-03-10,322404,151841,17399
F1435,2024-02-09,163176,11221,44813
F1436,2024-03-18,193428,142841,59475
F1437,2024-10-26,399402,70180,128905
F1438,2024-07-12,292961,124343,30888
F1439,2024-10-24,147115,34419,118450
F1440,2024-02-14,237230,191172,67754
F1441,2024-12-23,420426,18347,128873
F1442,2024-04-09,170670,74870,55798
F1443,2024-02-24,15973,5760,128871
F1444,2024-10-03,179232,175582,82879
F1445,2024-09-06,345634,96493,108436
F1446,2024-12-07,370708,70831,51285
F1447,2024-06-16,427718,38170,47922
F1448,2024-12-08,332159,29686,25594
F1449,2024-09-25,185567,68932,127612
F1450,2024-03-28,306313,128151,125977
F1451,2024-12-10,241990,80890,83648
F1452,2024-12-28,25933,180291,20736
F1453,2024-03-08,79486,177064,3194
F1454,2024-05-30,318208,54001,46392
F1455,2024-08-28,443630,156367,94961
F1456,2024-09-16,56417,123663,54098
F1457,2024-06-16,268752,165710,105889
F1458,2024-11-12,235392,72471,51871
F1459,2024-02-27,263283,48122,52132
F1460,2024-12-19,497630,111940,26606
F1461,2024-12-05,70986,23969,131139
F1462,2024-01-17,136847,141694,42464
F1463,2024-01-30,223616,80279,17281
F1464,2024-12-13,63315,178677,144802
F1465,2024-05-31,440122,21027,44783
F1466,2024-08-10,128626,100926,55826
F1467,2024-10-20,363814,183201,43893
F1468,2024-07-05,350606,196590,21793
F1469,2024-03-03,402040,32139,109739
F1470,2024-11-15,35674,143388,59339
F1471,2024-03-11,154090,114532,102934
F1472,2024-04-27,468109,180220,116229
F1473,2024-11-05,51212,55035,107772
F1474,2024-02-25,247605,169319,35008
F1475,2024-08-24,234580,74424,92633
F1476,2024-07-16,310794,183289,125091
F1477,2024-11-05,13604,19452,140898
F1478,2024-09-12,42331,134794,54426
F1479,2024-07-27,165575,6073,89651
F1480,2024-12-18,235681,51244,109670
F1481,2024-10-26,238696,17481,23986
F1482,2024-01-01,319360,30177,42924
F1483,2024-03-03,313731,140928,113416
F1484,2024-05-10,268184,96014,78060
F1485,2024-05-20,269156,173491,75103
F1486,2024-05-18,270557,62320,145490
F1487,2024-03-01,181242,119070,104578
F1488,2024-09-24,326092,87579,83390
F1489,2024-03-22,287902,31777,121448
F1490,2024-04-13,470268,170693,33794
F1491,2024-02-10,95411,58753,103546
F1492,2024-09-16,382791,99389,111391
F1493,2024-08-03,280921,110648,51928
F1494,2024-08-15,129868,59752,87076
F1495,2024-06-22,242367,64906,20995
F1496,2024-04-17,270219,159629,143707
F1497,2024-12-22,56510,124785,94045
F1498,2024-12-04,103413,62950,10486
F1499,2024-04-30,422739,80143,75473
F1500,2024-12-14,146822,169064,148484
F1501,2024-11-21,202954,71685,111851
F1502,2024-02-27,14971,132401,83687
F1503,2024-03-26,329934,197787,92381
F1504,2024-12-07,19423,170074,10594
F1505,2024-02-12,351236,197510,147317
F1506,2024-07-13,170110,178919,30909
F1507,2024-07-24,465544,32489,118909
F1508,2024-01-05,92224,143550,70879
F1509,2024-01-18,194806,59128,76781
F1510,2024-10-12,234437,76955,79319
F1511,2024-12-21,225532,64070,114998
F1512,2024-11-21,288624,107390,57483
F1513,2024-04-28,225781,56511,57348
F1514,2024-05-25,217434,69050,108733
F1515,2024-02-03,203529,188666,26988
F1516,2024-09-01,259285,107759,87808
F1517,2024-07-18,250859,68067,80912
F1518,2024-12-13,53337,162319,90092
F1519,2024-03-11,364783,182313,127767
F1520,2024-11-14,310088,112154,51438
F1521,2024-04-07,421017,21332,72479
F1522,2024-06-01,210399,83591,129621
F1523,2024-09-02,92298,49126,9649
F1524,2024-07-11,467990,199625,144707
F1525,2024-04-16,297901,84047,145794
F1526,2024-02-28,388272,67691,56380
F1527,2024-11-17,155539,132466,99933
F1528,2024-08-13,313620,67963,58569
F1529,2024-04-05,151714,88202,30431
F1530,2024-07-09,479304,144298,106616
F1531,2024-09-24,137370,84306,3875
F1532,2024-06-20,497351,42108,140537
F1533,2024-11-05,299524,13343,126693
F1534,2024-06-02,374259,197265,62841
F1535,2024-11-05,84017,42702,38267
F1536,2024-03-26,415898,156700,118843
F1537,2024-04-16,235446,197057,6818
F1538,2024-05-29,334470,77492,93983
F1539,2024-02-17,244062,191831,121916
F1540,2024-12-01,455252,32025,110101
F1541,2024-06-04,317526,158078,116911
F1542,2024-03-18,282842,67351,115593
F1543,2024-01-24,359534,59967,134711
F1544,2024-04-27,421476,26568,68222
F1545,2024-10-07,222306,183957,25925
F1546,2024-02-16,468892,69947,82277
F1547,2024-01-17,351597,31662,86500
F1548,2024-12-21,166534,98276,59848
F1549,2024-03-06,216101,21781,64884
F1550,2024-04-18,269687,193163,54125
F1551,2024-08-21,209950,61839,24091
F1552,2024-05-15,52658,104514,148439
F1553,2024-09-10,154977,83925,45314
F1554,2024-10-19,137724,141306,52609
F1555,2024-09-17,212438,114550,38498
F1556,2024-06-22,194862,85722,41893
F1557,2024-01-04,179026,171224,2665
F1558,2024-11-10,360434,151336,25249
F1559,2024-03-10,106199,105062,34867
F1560,2024-01-29,307116,102755,124319
F1561,2024-09-20,471093,122746,120692
F1562,2024-10-30,193118,84513,87240
F1563,2024-11-25,132945,16311,53930
F1564,2024-03-01,202325,51009,17164
F1565,2024-11-04,305022,91403,132972
F1566,2024-07-20,266716,192692,5007
F1567,2024-11-15,112798,32883,28114
F1568,2024-05-23,94879,154340,138835
F1569,2024-07-22,374246,173405,10896
F1570,2024-10-07,53887,47130,4073
F1571,2024-07-06,473462,32283,122724
F1572,2024-03-10,422987,76391,137630
F1573,2024-04-09,491077,95301,89607
F1574,2024-09-05,438076,176882,65836
F1575,2024-11-18,409957,191013,53522
F1576,2024-10-09,319841,117929,113503
F1577,2024-01-17,94739,34001,69276
F1578,2024-03-29,328755,91767,93352
F1579,2024-05-07,170723,11810,125074
F1580,2024-08-27,124637,181911,41893
F1581,2024-11-20,295779,130086,121501
F1582,2024-07-08,158618,168002,123645
F1583,2024-04-03,11664,28091,58644
F1584,2024-01-27,11861,32073,73151
F1585,2024-06-20,12831,106188,5282
F1586,2024-03-21,112765,18856,62442
F1587,2024-03-03,207174,96688,6825
F1588,2024-04-07,166852,65624,71367
F1589,2024-05-15,329511,40558,87267
F1590,2024-07-22,32078,104140,27264
F1591,2024-12-20,204378,84938,43637
F1592,2024-09-15,352081,94181,48180
F1593,2024-05-21,268355,130698,141451
F1594,2024-06-21,311315,192552,133275
F1595,2024-11-18,31415,82093,110853
F1596,2024-09-14,124686,65500,58464
F1597,2024-07-15,52992,11928,137225
F1598,2024-07-14,98018,181375,93296
F1599,2024-12-21,336822,153067,52709
F1600,2024-11-13,376033,93359,92798
F1601,2024-01-11,222616,195469,13517
F1602,2024-09-24,141963,101420,120051
F1603,2024-12-04,129467,93762,129526
F1604,2024-03-17,74412,145769,119159
F1605,2024-07-29,338060,123832,53268
F1606,2024-12-05,497632,96321,19296
F1607,2024-01-21,189188,188822,100485
F1608,2024-11-07,309751,158127,96587
F1609,2024-01-31,46740,120746,75930
F1610,2024-06-07,66230,109371,59838
F1611,2024-11-20,441066,99663,11564
F1612,2024-06-16,148283,183558,21781
F1613,2024-01-02,339358,60364,120227
F1614,2024-09-23,327944,118541,54298
F1615,2024-06-28,354554,108191,11630
F1616,2024-01-24,235085,14003,24561
F1617,2024-06-24,232292,168157,117471
F1618,2024-11-13,408375,178450,95351
F1619,2024-12-16,230954,23592,107137
F1620,2024-01-02,316902,156528,63084
F1621,2024-08-05,212189,122975,82158
F1622,2024-09-29,221852,104929,47893
F1623,2024-11-11,221880,117950,63197
F1624,2024-07-01,110915,198497,41454
F1625,2024-02-18,439401,79432,63465
F1626,2024-02-11,72952,90670,138841
F1627,2024-03-17,452809,89450,86959
F1628,2024-08-05,160177,116179,145345
F1629,2024-05-27,340310,40845,13326
F1630,2024-07-18,74769,78524,120151
F1631,2024-03-04,355421,143597,138621
F1632,2024-12-28,42045,166365,13377
F1633,2024-12-05,212224,83313,129073
F1634,2024-04-19,481357,43232,114948
F1635,2024-11-26,140651,186761,121451
F1636,2024-01-28,375769,59255,149597
F1637,2024-07-21,50722,146683,104167
F1638,2024-03-13,392172,188582,28155
F1639,2024-10-18,191519,25575,23844
F1640,2024-05-13,233264,132036,8181
F1641,2024-01-28,411605,142652,27670
F1642,2024-09-25,359808,161672,40326
F1643,2024-12-30,91964,10907,126664
F1644,2024-05-06,491995,132425,55572
F1645,2024-03-27,429034,142852,23396
F1646,2024-02-16,99010,120685,49515
F1647,2024-09-03,402256,107871,92275
F1648,2024-07-31,470690,123706,22604
F1649,2024-02-08,13572,141807,131944
F1650,2024-11-26,152297,55727,102338
F1651,2024-02-14,375816,99040,92904
F1652,2024-03-30,53846,33432,109331
F1653,2024-02-17,423254,133028,18595
F1654,2024-10-24,30630,177835,72057
F1655,2024-02-28,225525,186512,87867
F1656,2024-10-11,465016,35253,126642
F1657,2024-09-10,411285,167598,81628
F1658,2024-03-08,339896,59211,38940
F1659,2024-03-22,302662,52448,62351
F1660,2024-02-15,79226,127544,78739
F1661,2024-11-09,23184,48079,11266
F1662,2024-05-03,52624,35832,42247
F1663,2024-05-19,231499,103053,143326
F1664,2024-06-08,13672,176377,84906
F1665,2024-09-08,72604,78946,84420
F1666,2024-12-16,267130,11573,13191
F1667,2024-09-20,393256,74548,22745
F1668,2024-12-10,254196,109901,99337
F1669,2024-09-23,394271,131065,81255
F1670,2024-10-08,432703,5008,125742
F1671,2024-02-10,380574,137027,44536
F1672,2024-07-06,72079,64175,26655
F1673,2024-06-24,436914,62412,2922
F1674,2024-09-29,170202,72495,102030
F1675,2024-07-09,165312,44680,44943
F1676,2024-01-10,403301,133830,66323
F1677,2024-02-03,196642,153599,114180
F1678,2024-09-04,353908,97591,23050
F1679,2024-05-06,300051,6016,102956
F1680,2024-12-14,74689,182187,99511
F1681,2024-10-10,451527,49759,136258
F1682,2024-01-18,28008,41352,51330
F1683,2024-04-05,229879,41951,2246
F1684,2024-05-12,146197,14062,77840
F1685,2024-03-22,430730,31573,62344
F1686,2024-12-01,80011,168424,6024
F1687,2024-01-03,489194,193503,149080
F1688,2024-12-18,277636,59873,8311
F1689,2024-11-11,326673,13138,95276
F1690,2024-07-26,94654,142596,128975
F1691,2024-10-26,73178,157958,102767
F1692,2024-11-17,305525,44624,17404
F1693,2024-07-12,14809,30911,45618
F1694,2024-12-13,350561,91376,104163
F1695,2024-11-03,428939,49039,21664
F1696,2024-09-08,234099,52291,24236
F1697,2024-05-08,396181,39835,124845
F1698,2024-05-12,183996,186968,146617
F1699,2024-03-08,30047,60139,32954
F1700,2024-08-08,298210,141672,114645
F1701,2024-11-17,391500,165780,81091
F1702,2024-11-30,68974,175053,49758
F1703,2024-09-08,44553,119177,118959
F1704,2024-05-06,137472,166128,50463
F1705,2024-06-02,30304,169199,46029
F1706,2024-02-10,237083,9718,102502
F1707,2024-03-15,269411,39453,58864
F1708,2024-02-11,427431,27947,110234
F1709,2024-07-27,443672,168938,77644
F1710,2024-07-28,492999,115680,146807
F1711,2024-12-10,471997,192275,118000
F1712,2024-12-30,76389,68060,68200
F1713,2024-06-09,72621,34533,96553
F1714,2024-08-10,481740,53917,91908
F1715,2024-06-13,175382,36498,47117
F1716,2024-06-12,139146,101909,23322
F1717,2024-08-23,394910,57888,73265
F1718,2024-06-22,252880,140629,95793
F1719,2024-02-21,167326,178944,111284
F1720,2024-04-21,109601,153029,106228
F1721,2024-11-23,339620,112584,6104
F1722,2024-04-29,394174,61514,102843
F1723,2024-03-15,184400,160055,115332
F1724,2024-06-02,461914,105433,146247
F1725,2024-01-29,424444,68510,25744
F1726,2024-09-14,176415,128713,24103
F1727,2024-01-24,194737,145019,25932
F1728,2024-09-30,209631,156263,49434
F1729,2024-10-15,309722,45759,62393
F1730,2024-08-25,228376,127863,34290
F1731,2024-07-31,369915,189915,2672
F1732,2024-12-07,489363,113741,73976
F1733,2024-06-08,112209,42764,20908
F1734,2024-06-16,336971,108755,137592
F1735,2024-07-08,206885,148711,106330
F1736,2024-09-26,165141,144758,120056
F1737,2024-10-08,392748,152975,118534
F1738,2024-06-03,26395,67690,52664
F1739,2024-01-10,116948,183702,87838
F1740,2024-12-22,454151,29060,48000
F1741,2024-03-11,109473,48126,17100
F1742,2024-07-27,460784,27703,65855
F1743,2024-02-12,295559,43039,149713
F1744,2024-09-10,416911,59315,29977
F1745,2024-01-24,61393,105019,44804
F1746,2024-04-20,235686,137698,48599
F1747,2024-01-21,45307,108161,13002
F1748,2024-04-02,449849,125841,137742
F1749,2024-11-01,137136,28632,118427
F1750,2024-11-30,390663,43894,102158
F1751,2024-09-12,156436,173189,45677
F1752,2024-04-01,230702,83318,75024
F1753,2024-06-28,229388,87440,101525
F1754,2024-04-27,267340,104910,27197
F1755,2024-05-16,391929,61795,83117
F1756,2024-07-05,94207,166120,135763
F1757,2024-08-25,429853,69764,80479
F1758,2024-07-16,439619,10809,141227
F1759,2024-04-07,56980,112098,114960
F1760,2024-03-07,348709,143004,104823
F1761,2024-09-30,466475,17309,7093
F1762,2024-03-23,475650,144583,94820
F1763,2024-05-20,305356,181617,142443
F1764,2024-02-09,259864,25630,73188
F1765,2024-03-09,410219,75205,87950
F1766,2024-02-16,86482,144542,97039
F1767,2024-04-12,284805,37464,141014
F1768,2024-12-21,414843,29702,117248
F1769,2024-10-06,161034,40455,104034
F1770,2024-06-13,134136,57429,111570
F1771,2024-10-26,175465,153556,119001
F1772,2024-02-15,122205,195151,17342
F1773,2024-02-13,270160,27596,37907
F1774,2024-03-15,173209,27942,107875
F1775,2024-11-11,31918,186259,15366
F1776,2024-04-15,78655,21267,47590
F1777,2024-12-31,92278,99764,98601
F1778,2024-03-14,177472,27515,85597
F1779,2024-01-17,381920,15327,104080
F1780,2024-06-27,386868,197367,3998
F1781,2024-09-17,383827,129755,55786
F1782,2024-02-04,186744,183787,12906
F1783,2024-12-25,102419,157472,69471
F1784,2024-03-22,68958,89450,134695
F1785,2024-08-06,55475,193152,131240
F1786,2024-03-30,47971,61859,100097
F1787,2024-10-13,309251,120478,83399
F1788,2024-03-17,161400,44645,56369
F1789,2024-07-26,408753,61788,52044
F1790,2024-11-01,449115,116296,4745
F1791,2024-07-26,42263,189060,114013
F1792,2024-11-23,170803,190242,34149
F1793,2024-06-08,356781,197747,51837
F1794,2024-11-15,127412,89891,37708
F1795,2024-06-21,273320,21693,80139
F1796,2024-12-31,476125,109650,101007
F1797,2024-12-30,249840,87176,141486
F1798,2024-06-14,490800,118781,138307
F1799,2024-06-06,442593,18421,96943
F1800,2024-10-24,51243,63988,48450
F1801,2024-01-13,120597,42395,77162
F1802,2024-07-23,193226,20465,114732
F1803,2024-07-14,498545,152827,63456
F1804,2024-12-25,488686,109412,40540
F1805,2024-06-18,65383,150874,85997
F1806,2024-09-18,424231,62570,144665
F1807,2024-08-25,308511,112899,75006
F1808,2024-12-22,107715,110950,67084
F1809,2024-01-27,422082,135828,65317
F1810,2024-02-22,325518,59377,97941
F1811,2024-01-07,101268,75359,16109
F1812,2024-06-07,69589,98611,142162
F1813,2024-03-28,283064,16875,98788
F1814,2024-08-31,484094,190458,82249
F1815,2024-07-17,402685,144215,79018
F1816,2024-11-16,473049,80172,10109
F1817,2024-04-11,25830,192579,30874
F1818,2024-01-08,123082,31632,42549
F1819,2024-11-19,352498,138237,43555
F1820,2024-01-30,435800,189422,112145
F1821,2024-02-06,129611,8821,60075
F1822,2024-03-24,341877,117062,7342
F1823,2024-02-14,369402,74705,118883
F1824,2024-04-17,286849,10301,37756
F1825,2024-02-22,303729,111994,36649
F1826,2024-09-25,190612,82042,149324
F1827,2024-02-01,191201,46009,121293
F1828,2024-04-24,299600,57511,2453
F1829,2024-01-02,223927,116049,14802
F1830,2024-11-28,15861,85112,145425
F1831,2024-05-15,291425,47685,40000
F1832,2024-08-11,85902,144531,67036
F1833,2024-10-30,111929,62899,27081
F1834,2024-09-26,291128,138500,90186
F1835,2024-07-31,263630,30649,127523
F1836,2024-10-15,57131,160451,2020
F1837,2024-02-05,433594,6298,141977
F1838,2024-07-31,181928,94853,62486
F1839,2024-11-10,293979,180817,97618
F1840,2024-07-16,443847,121964,9993
F1841,2024-07-15,240022,178981,11196
F1842,2024-06-24,393664,164711,147034
F1843,2024-10-12,38120,82638,8647
F1844,2024-04-10,13260,77910,120874
F1845,2024-11-27,199818,195101,2102
F1846,2024-02-27,98946,97847,87540
F1847,2024-02-10,400988,192326,63824
F1848,2024-01-11,150434,118988,59106
F1849,2024-09-18,287546,167433,69608
F1850,2024-05-27,455169,120619,133480
F1851,2024-03-31,232901,92821,27575
F1852,2024-11-24,327720,33840,37777
F1853,2024-09-12,275367,136049,58245
F1854,2024-08-19,435186,145142,128058
F1855,2024-06-24,325107,198763,82858
F1856,2024-11-22,339772,11216,95839
F1857,2024-12-06,76162,9469,44030
F1858,2024-07-28,76495,182083,139912
F1859,2024-01-15,406099,52372,38838
F1860,2024-01-02,416077,92683,66196
F1861,2024-04-06,302840,154113,22182
F1862,2024-04-23,464792,128413,104318
F1863,2024-09-11,187869,165758,2759
F1864,2024-11-04,372072,37508,104172
F1865,2024-07-01,454301,173884,130244
F1866,2024-06-20,386682,179427,142765
F1867,2024-07-04,307198,191441,62457
F1868,2024-05-24,149721,187243,55425
F1869,2024-06-17,485734,51206,100141
F1870,2024-01-25,138330,48921,69307
F1871,2024-11-20,230881,189102,132828
F1872,2024-05-21,305572,113374,46043
F1873,2024-12-30,204141,193025,119402
F1874,2024-10-11,297577,190500,80258
F1875,2024-06-28,334054,185222,71367
F1876,2024-10-12,426163,154568,132413
F1877,2024-01-12,348191,150429,87913
F1878,2024-08-06,48557,126944,31108
F1879,2024-08-10,65496,63445,7076
F1880,2024-04-20,430938,173963,65670
F1881,2024-05-04,209447,196847,99805
F1882,2024-09-21,59095,143246,87283
F1883,2024-01-26,432393,144228,77262
F1884,2024-01-27,36712,73115,33551
F1885,2024-01-15,129176,8567,34482
F1886,2024-09-26,131473,148815,19409
F1887,2024-09-14,356356,182736,145321
F1888,2024-10-28,457712,85293,90823
F1889,2024-11-21,134004,184781,95088
F1890,2024-05-03,456823,125032,34047
F1891,2024-12-01,199766,192442,89998
F1892,2024-03-13,134743,30221,51001
F1893,2024-04-17,204542,100126,8831
F1894,2024-04-24,353879,100221,29627
F1895,2024-12-01,293188,45441,49349
F1896,2024-08-01,227173,139710,56427
F1897,2024-01-19,290746,130326,100321
F1898,2024-04-29,80209,52712,130394
F1899,2024-03-12,10067,36366,118679
F1900,2024-02-13,401122,87364,121970
F1901,2024-10-27,308089,77355,149794
F1902,2024-07-31,182036,128972,49007
F1903,2024-03-07,114692,176134,147479
F1904,2024-07-25,18764,5684,18570
F1905,2024-03-06,207435,94261,105675
F1906,2024-01-22,235899,198859,79106
F1907,2024-05-24,129803,178945,40498
F1908,2024-07-04,306936,73284,91196
F1909,2024-12-01,264266,179472,67119
F1910,2024-06-23,173003,132674,17321
F1911,2024-12-29,307806,149163,50884
F1912,2024-05-21,292950,152594,109845
F1913,2024-02-10,222976,36733,34751
F1914,2024-11-06,155611,86815,125723
F1915,2024-05-28,102198,134052,144114
F1916,2024-10-13,222720,79481,84370
F1917,2024-10-14,304893,130774,28084
F1918,2024-04-29,136923,190958,64804
F1919,2024-01-09,463016,172541,84909
F1920,2024-02-06,170518,60569,10410
F1921,2024-08-27,430071,74740,133850
F1922,2024-09-21,61784,156397,87121
F1923,2024-10-03,473217,29825,131881
F1924,2024-11-07,148755,30620,133271
F1925,2024-09-20,447738,23593,88871
F1926,2024-10-06,459643,144305,44936
F1927,2024-03-20,23597,66495,137680
F1928,2024-04-04,84886,62223,67966
F1929,2024-09-17,278858,138691,108847
F1930,2024-12-30,61324,187201,52402
F1931,2024-02-27,399318,37098,38305
F1932,2024-12-17,24766,162698,133300
F1933,2024-08-04,128881,61167,107094
F1934,2024-12-20,242649,139540,108704
F1935,2024-06-06,282641,41815,3605
F1936,2024-01-15,453018,57394,105805
F1937,2024-12-14,109976,162149,31385
F1938,2024-09-12,283541,104631,110695
F1939,2024-05-01,345509,173072,10874
F1940,2024-10-04,249373,157940,20092
F1941,2024-07-16,380703,131172,15211
F1942,2024-04-02,376802,143316,63790
F1943,2024-11-13,319765,15947,39731
F1944,2024-03-21,391417,110901,103150
F1945,2024-08-11,235759,129889,79749
F1946,2024-03-22,155794,172986,4720
F1947,2024-06-01,60652,30629,89999
F1948,2024-01-18,286916,46909,75930
F1949,2024-08-21,16012,164228,129946
F1950,2024-06-22,162800,192239,62703
F1951,2024-07-21,300722,64052,115948
F1952,2024-11-14,497026,111053,121919
F1953,2024-06-30,101252,61357,108655
F1954,2024-01-27,211998,108736,23736
F1955,2024-10-26,89228,80318,30153
F1956,2024-07-08,262092,162840,19943
F1957,2024-03-15,431979,27716,4041
F1958,2024-08-19,183676,193418,127150
F1959,2024-01-29,293788,194033,18840
F1960,2024-08-11,323535,133306,40935
F1961,2024-01-04,157702,29849,11797
F1962,2024-11-20,487870,25080,31749
F1963,2024-11-11,21403,198301,60148
F1964,2024-11-23,271345,191755,3724
F1965,2024-09-10,242864,17986,6208
F1966,2024-01-23,271217,91806,122314
F1967,2024-02-07,24778,104100,100829
F1968,2024-11-13,302564,187190,92717
F1969,2024-07-31,141755,181603,22694
F1970,2024-01-22,221501,100284,122118
F1971,2024-12-17,242430,111858,68611
F1972,2024-02-27,408906,79408,89103
F1973,2024-04-01,347285,9455,6116
F1974,2024-07-07,293485,108482,117284
F1975,2024-05-25,466169,180257,88693
F1976,2024-07-13,382263,36224,59686
F1977,2024-08-09,450525,122439,14898
F1978,2024-11-28,492650,167318,30529
F1979,2024-11-16,164808,85858,27160
F1980,2024-10-17,282900,184103,146083
F1981,2024-06-15,489891,63297,138375
F1982,2024-06-02,183137,64104,7356
F1983,2024-01-17,493532,139791,92959
F1984,2024-11-01,255821,103356,43042
F1985,2024-06-08,20253,6142,67105
F1986,2024-10-04,43144,115056,7561
F1987,2024-04-21,157679,78607,106761
F1988,2024-10-21,394194,93639,50736
F1989,2024-03-29,195248,27869,131992
F1990,2024-08-27,113752,122494,149919
F1991,2024-08-03,138031,124348,107343
F1992,2024-11-10,135233,41778,13343
F1993,2024-05-15,26519,90535,144113
F1994,2024-02-13,181923,37252,99493
F1995,2024-09-01,487847,57827,55444
F1996,2024-01-30,19320,65347,107621
F1997,2024-11-28,27778,115685,136697
F1998,2024-09-01,142852,168677,3021
F1999,2024-09-05,93111,27853,64874
F2000,2024-03-17,296455,90865,71242
