truck_id,route,fuel_used,distance_km,delivery_time_hours
T1,Route D,263.7803229705461,174.7247515025838,21.236410262735596
T2,Route A,227.08993540575153,460.0000300771008,23.107009674683383
T3,Route B,42.50049999167125,651.2530787260336,35.50382507081003
T4,Route A,247.8363945306951,531.9926201149053,10.96322392461142
T5,Route A,279.75359455423586,698.1338589507272,6.2433977101538005
T6,Route D,159.90939139513577,686.4207003231089,14.413474342017938
T7,Route B,233.10487244787583,1257.742224915965,24.90239048160683
T8,Route C,161.194051771328,1259.7552371080694,8.387841838038797
T9,Route C,199.403403939553,1412.9417584390633,12.52309530089419
T10,Route D,201.15480992297196,809.2987866346898,24.80356263672742
T11,Route B,146.77328825865618,450.8117644656403,35.18721249679779
T12,Route A,119.31581095962515,1053.3856507391636,3.230971807217599
T13,Route A,142.04875553091904,1158.050050721646,28.256180614752623
T14,Route C,182.6996664816678,555.7817644739514,19.66188211198475
T15,Route A,167.59649740359913,1245.5825105940291,27.864611099054073
T16,Route A,199.73112178509118,1056.4135236389616,31.463635494705645
T17,Route A,32.9514950256139,1456.858216835645,3.701431993287976
T18,Route B,148.80572286856625,550.6871012581064,26.766680210702557
T19,Route A,39.74745903011146,1387.6733751895276,45.47931458734319
T20,Route A,231.47510775596115,554.0664847486694,21.44131468388371
T21,Route B,94.9938637439511,1306.4142571014495,43.98586501873816
T22,Route D,116.83060871372946,525.4082136783632,46.68701054022995
T23,Route D,203.17200321136505,1367.4328544607815,30.49758241974094
T24,Route D,117.05375946586186,74.50099990352847,25.791093129256065
T25,Route C,224.32080765362468,637.390888866049,37.55601033852625
T26,Route B,261.32282750562206,122.69990912824177,38.30650436625209
T27,Route B,198.3216729758045,640.8298314708537,30.68590335523993
T28,Route D,63.76238569165547,661.4413116248834,2.018967454737784
T29,Route B,145.8777316316923,1366.356814015498,32.029335497636
T30,Route A,225.12242586825053,1209.6768035536636,42.527761619117356
T31,Route C,96.27393713974082,436.49040152984674,5.124422475288823
T32,Route D,285.5922381322804,1261.1335367974855,15.745707332470925
T33,Route A,284.161681533201,313.14280046443366,41.42070833881277
T34,Route D,114.75570548531792,1054.1054004193832,30.757920026628764
T35,Route B,191.90601375279067,452.2037760388977,7.251293843424209
T36,Route A,128.72649949643207,1452.0260786001331,29.448019727353078
T37,Route D,223.28892721166957,1403.8022178569843,30.431653501167595
T38,Route C,242.0508229262007,487.6087255160394,7.041294316120707
T39,Route C,66.65431701562918,92.62731200666911,9.906510889724773
T40,Route B,165.75065205898147,988.6040872772286,28.83374523308257
T41,Route B,116.91989186665349,285.92857831184256,20.995516282596462
T42,Route A,279.0711496975056,220.43621033590756,12.626549024513736
T43,Route A,75.12756236247748,1365.4392664846648,30.84649494724688
T44,Route B,285.01803356471896,867.3672656663614,7.070350506504014
T45,Route B,137.39566017668113,1404.2924001370113,7.2070319988102085
T46,Route B,264.5857938996986,433.60105638621195,2.4778192689851686
T47,Route C,150.00499367382898,531.60362125537,32.085092558226165
T48,Route B,191.87356591399111,1408.3388183891748,44.83817604123327
T49,Route C,296.66765400709016,696.0591278594392,2.9465774734508248
T50,Route A,224.85944292369672,389.21824754746024,20.481568463788385
T51,Route B,74.54625139062989,652.0031600309608,10.064906306263035
T52,Route B,93.72194419098294,558.9884330123306,31.726759809792668
T53,Route D,149.66499572261998,1192.1703805609618,22.581969856079148
T54,Route C,184.08507383348464,646.0321936553077,29.129867667697077
T55,Route B,37.10202855525661,161.6741891467708,40.64933620750088
T56,Route B,32.18960912654319,928.1072268748886,28.169767743549578
T57,Route D,148.07531540981498,1338.6314128181778,26.65037792007551
T58,Route C,166.59018105999218,1373.624627270604,8.605426147139438
T59,Route A,42.337095017068165,749.2287654764904,23.25873265966273
T60,Route C,153.13143158354168,69.01405041187644,30.874952761052352
T61,Route C,238.55410133705908,920.8933464087072,34.49743271530277
T62,Route D,173.7476328855027,728.2836602699399,5.770123404957866
T63,Route A,153.77087150226842,1415.2143549652892,33.50548155221978
T64,Route D,40.008500325201155,1334.5949679372484,11.007387242195326
T65,Route B,294.5532141337224,1354.5572239769326,32.40844557085734
T66,Route D,171.53511429065233,1184.9976810067346,14.863840976204836
T67,Route D,145.8427366828381,412.1895481177644,29.17839320584204
T68,Route A,40.6500334775443,885.8231918166615,9.142437503421707
T69,Route D,226.25934778406486,1276.8637627438452,46.17072339874995
T70,Route B,97.17578122680419,1190.2932917159183,34.23298859468017
T71,Route B,42.47226235969594,1244.4947375439326,13.712085023996984
T72,Route B,221.61416557968045,742.4849827825952,40.25442591127576
T73,Route A,154.59934957467559,435.33965597257713,46.02088218911941
T74,Route B,35.773985467510336,141.4520490584208,26.976265546686356
T75,Route B,257.9160984672162,453.8166444117568,18.051725845052644
T76,Route B,145.2682695623497,78.30497954321872,10.697128538493118
T77,Route D,60.30294256558722,523.4032189347301,30.41941498378226
T78,Route C,114.82445023187867,1431.1317448339696,13.47936519733203
T79,Route D,28.04810661829521,437.99885885449186,42.79346799885787
T80,Route A,294.41849032217857,1398.9689818722006,14.529560824372888
T81,Route D,229.94207128357576,1460.556022789826,6.8828017375570925
T82,Route C,33.68106704287413,199.12507495797763,47.48541630799152
T83,Route D,87.28483631066146,1226.9907649511001,19.851741072850402
T84,Route B,153.37973278942135,1425.7935444915038,32.18050651530993
T85,Route C,220.76353376070392,354.91735106655983,14.21994782380258
T86,Route C,197.8117028422147,608.3283922868775,13.504990057316704
T87,Route D,143.54317326368772,1265.070994089218,21.79577941327909
T88,Route D,173.07714225146125,253.92432829939767,40.99571715665437
T89,Route D,32.071719150471665,862.0374200370916,27.923303535036208
T90,Route B,299.70446680322914,400.04765347833666,26.126796623892076
T91,Route B,262.7717944611561,1159.3662436305463,19.727656896852487
T92,Route C,110.38099956074808,947.1661246722949,13.379823643812884
T93,Route C,50.170131304040375,945.625871355335,37.01174270002846
T94,Route B,195.98896189873773,1378.5152287311273,2.717654396854166
T95,Route C,276.61061094269735,1025.0068547015571,45.130377169455926
T96,Route B,211.74499629436298,263.64164154723846,37.41410526568249
T97,Route A,39.06933640865461,302.2376077812008,16.699921677750915
T98,Route A,126.24030317060013,448.1999288827065,40.535539145168265
T99,Route C,221.19511831816294,105.01629763026548,17.632500457508932
T100,Route A,87.78315406137921,579.2988614131224,16.615093157447937
T101,Route A,200.00257498393898,605.2108420619433,16.143882254247156
T102,Route D,183.59453991401742,1078.7317962531731,20.471196706106653
T103,Route D,46.95997390987526,525.8773748513165,40.03342210163362
T104,Route B,226.4418708183756,1291.9706990142563,13.949240029616346
T105,Route B,142.49952905226627,607.086522440347,30.480383360092954
T106,Route B,65.02891318165895,1499.097108846244,9.599513261183933
T107,Route C,279.5350393104612,738.8605372420839,47.49565505003141
T108,Route A,228.7133889193468,1336.7385744903463,12.248125378614295
T109,Route B,222.5947572233141,370.2466171592687,40.29274220169673
T110,Route C,145.1504468563992,55.063325043465085,12.80259670965335
T111,Route B,200.27214509180578,793.9941660268175,22.578714169045426
T112,Route C,199.40137259148014,796.6190779208285,13.962270359184085
T113,Route B,58.34595744168443,1434.7309649949368,35.977596717537836
T114,Route A,266.363524364034,333.1700831131397,32.4953091808118
T115,Route D,248.84581461448127,335.86459316613053,7.4104115406866535
T116,Route A,58.4568734495905,658.2024133427208,38.876300279603875
T117,Route D,110.39060436337013,800.556116102556,43.34848389007534
T118,Route D,39.32900927863581,980.6188846880151,5.038501162740946
T119,Route A,116.64708414379342,477.41849850901536,6.495586248744603
T120,Route D,224.35773657451372,434.1601168176258,4.75396816329764
T121,Route A,21.003332796807676,1268.7077592474757,13.945849723157416
T122,Route D,161.89909164061496,767.9777666597364,45.14508483037082
T123,Route A,262.8254339811756,1400.7305457114176,10.718494391493659
T124,Route B,107.1521596979372,1040.9466543037952,46.22687914316726
T125,Route D,222.76833843312025,140.54841565051598,15.922058819782514
T126,Route C,35.30340365330861,205.50440550937762,37.637297113816565
T127,Route B,176.01417253425728,1310.8802306837138,29.261387870816293
T128,Route B,265.53608767123876,355.44272755337954,12.211350006442089
T129,Route A,134.20511602068837,293.57312806114453,41.68357205848628
T130,Route D,194.3886254059109,1337.0773245087873,4.028273514850955
T131,Route D,197.55951472874187,1433.9902562220893,2.500566040513726
T132,Route C,224.93967334063606,995.8911154111325,22.014793968985536
T133,Route A,83.95630688751024,197.28697796167015,21.293387599958052
T134,Route A,229.415390512026,82.01975964154258,32.29352416058221
T135,Route A,86.51983755647585,918.3015017621643,3.4425171602125553
T136,Route D,187.4155323714361,135.47799631306304,33.39090033797031
T137,Route B,64.8290988142833,844.9664347827429,27.07343888930794
T138,Route B,226.15229778028805,632.6511147965546,17.05050658253718
T139,Route C,100.45797300886812,97.3575575859453,23.90775784137128
T140,Route B,202.38867746033068,1433.336091959577,5.037600409943314
T141,Route A,63.727647095340494,62.96012269085213,22.441807453292054
T142,Route C,84.70846812865064,563.5458519430732,27.14588922509501
T143,Route C,248.82417825733077,1218.1730878958574,31.613518172017965
T144,Route C,46.053720239283244,1462.9978826494223,2.402705839860645
T145,Route A,47.34045359965946,115.48906955985416,37.29442678833023
T146,Route A,236.7167450271766,1428.6272046161046,15.832180714160211
T147,Route C,54.53238547909035,537.8748810563345,18.494378953588058
T148,Route C,270.59996677177605,279.7865342234895,36.474224845300455
T149,Route D,58.9934074484409,1244.2744138067394,47.23405658432644
T150,Route B,210.8267916729336,981.7788267670915,27.049308092145584
T151,Route A,187.58077109801528,193.91959532984168,6.8904915153364
T152,Route B,223.81215939651435,946.5969849490621,31.108497806893382
T153,Route D,214.6164142898308,1234.0683834264541,47.99617983663572
T154,Route A,122.36780687797214,846.0220425272023,2.126744076919671
T155,Route A,284.92027438412975,546.8268965760594,4.367111863350145
T156,Route C,162.3378282482151,360.03139125079906,22.43519085450339
T157,Route A,292.12559213763393,1138.2429967910766,2.6396266641841395
T158,Route C,126.68587901543482,628.807025467434,17.135253048829764
T159,Route C,167.62762113896986,1256.3053142702813,11.833945693532609
T160,Route B,183.55164183373577,1158.067568673145,29.50990751531453
T161,Route C,177.71051203679622,1140.9943219329355,12.01131343187152
T162,Route D,205.28090286963626,1201.2128870507763,15.696348631385577
T163,Route C,100.17267532446762,855.6523233352777,45.109993465015656
T164,Route B,38.18405370832989,1180.4219070196823,31.971989453898527
T165,Route D,75.56482103450011,1324.2451464393284,37.782150020233445
T166,Route A,176.86379300570547,486.3967547335015,26.635401725405178
T167,Route A,260.15084313174066,415.09269854062677,6.987242506692814
T168,Route D,153.01168769453778,715.2190327285334,22.393282731907444
T169,Route A,109.92197362592111,851.5509803503616,11.741975803203568
T170,Route C,224.7489350915459,90.80184592836011,14.10646097781318
T171,Route A,130.67627286283482,313.579827484428,40.714321116961784
T172,Route B,250.15877055319584,82.24047765578354,43.14040640297933
T173,Route A,23.32305369190417,864.4726299286176,12.295581047106996
T174,Route D,52.503130116430945,1168.1205966304058,22.388129098909506
T175,Route D,48.726399552762985,1248.3847640296567,46.57835441631265
T176,Route D,29.789162397045246,859.746273483315,30.158571102863817
T177,Route D,67.06080097150779,109.66367303791345,39.16246443160978
T178,Route D,296.36972999649504,906.5498268454725,26.83913463777335
T179,Route D,154.8242159974976,629.0736407022285,24.433130966973394
T180,Route D,138.2372420035589,1280.7969624404404,35.34672472389145
T181,Route D,274.8550821008542,639.5111291798138,16.68170759795003
T182,Route C,242.58257774620768,1091.4002543756349,31.561694946005403
T183,Route B,96.21193830323588,332.37440649380346,25.847320161540786
T184,Route B,245.2333663423061,1388.8622821221682,35.42365993921217
T185,Route D,43.14756900789199,478.1430454416048,8.318502729603452
T186,Route C,220.43073793050112,58.40955202485066,33.050217071712304
T187,Route C,25.159637758116872,168.27464050098308,31.371355304404375
T188,Route A,78.85274426902629,382.57777874698706,43.55675253572356
T189,Route D,268.4869750427614,289.9536412425624,19.285984798549837
T190,Route C,124.56745096457846,326.16162934352286,41.2787921864262
T191,Route C,151.56727832489727,889.9007167769702,3.6094327482449593
T192,Route D,201.13040944922471,736.3734559344641,14.985012325337664
T193,Route D,214.29015862552205,1082.4871229973735,6.307429995672771
T194,Route B,60.75391138059918,1195.983051446827,13.514013779028913
T195,Route A,279.75981354296187,799.1947799144032,17.526128847912382
T196,Route A,179.10384906555382,909.6834064988426,30.48879023525408
T197,Route B,187.66113943994225,1174.7947966107138,4.94831009532599
T198,Route B,199.41277537090147,180.34457466929408,11.652697205710536
T199,Route B,258.83924243358246,679.2647437647224,35.40897567112625
T200,Route A,78.89310989958787,816.2020848631911,33.62725659876213
T201,Route C,275.1863053406338,916.9366243064345,28.543118634734864
T202,Route D,238.6139054320611,836.6142883723305,34.408827569101106
T203,Route D,82.68010171957894,558.6372006724174,35.191706362732475
T204,Route A,243.66204908459125,466.87931654939786,11.611308377699041
T205,Route A,161.21265047686262,689.1298719345989,26.449863371140747
T206,Route D,181.15946508523314,146.55216770098588,34.97495307300624
T207,Route D,297.9093048331939,733.1906075825838,32.76378985964797
T208,Route A,23.678983631202865,1450.2845328348012,23.579476503225116
T209,Route C,282.13663810008967,128.14954610575228,21.743666915972636
T210,Route B,223.1370112677171,271.76836578541565,13.69832097506637
T211,Route B,117.57721020557595,964.0073546739892,19.74476423180252
T212,Route D,224.1912192441515,1075.7110034653388,32.45161281376241
T213,Route C,76.74154556051937,739.1444112088977,20.25588571310974
T214,Route A,163.76026725467804,1379.387357629863,28.35245991653073
T215,Route A,248.47438333910944,748.47804572248,45.43845927426139
T216,Route C,78.64188651480666,208.56554674713337,4.167390695194454
T217,Route A,176.95992100872198,744.5297684724738,36.715194254713445
T218,Route A,31.877333824456198,796.3448586720559,35.48126296775031
T219,Route D,254.2800156842051,671.6942527276873,25.211773944499917
T220,Route B,118.09984192651363,1376.1396613376305,8.732701159722517
T221,Route B,111.7449122643944,744.8835588967954,18.406985059762743
T222,Route D,91.74141955776261,1054.0392498789515,16.249486936484324
T223,Route D,221.33592015391937,787.5349480537457,34.76720497176176
T224,Route D,68.7841787770011,1103.4553649604147,25.12830603112624
T225,Route D,29.496433084767638,207.92819923403542,18.155026253255127
T226,Route D,97.94973109498252,1420.1216747490744,31.52377423433501
T227,Route B,205.59804952660994,937.0422819312699,13.831110113258807
T228,Route A,34.06433449782823,496.2411288719132,31.501685897900263
T229,Route B,139.60645362297836,388.30311204743595,46.86496717524683
T230,Route B,245.87551009755674,1119.6937679028558,11.495424720407987
T231,Route C,139.52381896531926,437.6013513261813,6.483090560819509
T232,Route A,174.68398064305032,700.8687038929747,44.72300138148653
T233,Route D,139.691680283338,944.2250521667071,18.51227762489159
T234,Route C,68.71333283207804,1293.745794380491,32.63895146543726
T235,Route A,291.81294479722897,1252.4145104482823,18.022624643431
T236,Route C,73.29573135819335,1017.2860734858301,40.14597790005501
T237,Route D,193.68695244177056,434.22894467687394,24.52727363700937
T238,Route C,96.34050770607423,284.7856655497477,16.380621797829264
T239,Route C,250.51767127577253,840.8888542805195,39.6219706364071
T240,Route B,242.3066558950121,1328.201301678795,13.921283738811118
T241,Route D,147.6592372202362,642.0722345220726,35.4000151907138
T242,Route D,73.07285766148365,1118.6484806197125,17.071515057388282
T243,Route B,33.454039917658186,1256.4543753134192,22.57264003299636
T244,Route B,153.47896719332695,430.6788248285189,30.808435693041144
T245,Route A,65.9534661370159,1448.2999930124918,32.08631523323365
T246,Route D,285.782577411263,419.78244238500264,23.506466795140796
T247,Route C,58.26254055273989,904.5961921071913,8.639782230440144
T248,Route C,85.98193558153017,1018.6032137405884,36.63371051573602
T249,Route A,235.12407313242002,851.85859266643,42.716799498751115
T250,Route D,140.7190747565111,951.255727026477,44.16583244086961
T251,Route A,120.19798822669514,356.18546042173074,6.5342107051245595
T252,Route B,121.5617135856755,259.28309714470095,35.04767508876574
T253,Route C,168.26926236915529,72.38423720830238,11.588555185437968
T254,Route C,169.82928352231738,932.7548459061674,6.711122732241106
T255,Route B,110.71996323490323,1389.744918244255,5.271521698079567
T256,Route B,214.35802747595417,1036.9287289673216,2.199942864969461
T257,Route B,100.2471275555794,993.9740805308255,44.41949763819578
T258,Route A,87.14271437070941,822.2334084245801,29.830853539252516
T259,Route C,262.8331828102245,946.306831025261,29.752593490609407
T260,Route A,51.31237975406553,1098.6039915309257,39.323089610699775
T261,Route C,291.5513475818986,269.20937709972156,41.64015138769017
T262,Route B,178.42153277390346,1109.0210726600733,2.2098979467095425
T263,Route A,279.7123800875339,275.0957954573372,36.71355370707503
T264,Route C,294.97576915936247,476.8416636998306,19.892474983077246
T265,Route C,136.60890112501488,542.014512261695,17.08186950153261
T266,Route A,74.08712697677097,464.14330944440337,36.25156868950456
T267,Route C,282.34896650990095,810.6585673153123,21.788120385201807
T268,Route A,257.9454938869653,854.9590733846462,47.36466729980263
T269,Route A,70.61011490318529,1238.3825789022942,40.7739282470271
T270,Route B,62.43311311350194,886.8853488817507,10.817427756384317
T271,Route D,297.3628454127389,1494.8582101293493,25.614219301544786
T272,Route B,181.90315534345194,1057.4956492247184,34.39427342288042
T273,Route B,147.07035223411822,1107.9047600608294,17.316127650234307
T274,Route B,194.81535363526643,1496.8246873160904,9.720454654505602
T275,Route A,253.79440148485463,389.52661484637986,22.26314272146925
T276,Route A,24.05670664803756,987.7105790048247,7.696900887715283
T277,Route B,48.2554819085058,1337.551100169028,12.84013989367145
T278,Route A,211.34120925627448,1453.5144289776053,35.12909939946919
T279,Route B,210.13305449952608,697.4337845310115,20.643736429655906
T280,Route C,295.8925940488161,674.7825368134754,22.187836868640527
T281,Route B,27.519213892556188,187.37052837746694,30.93636211671258
T282,Route C,42.1533516365685,1361.1619054737434,19.539611046346703
T283,Route D,154.46771662390904,1408.3040724329337,22.498098905480894
T284,Route C,204.31286652605755,1332.5452972718692,36.67984760413728
T285,Route A,92.37148237175614,376.7856369146495,26.104972929977304
T286,Route B,91.74218586994841,487.4742601279247,40.452637651339856
T287,Route C,30.89644578753645,1425.201634445423,32.35927278970928
T288,Route B,32.97121830951633,940.6099800294844,23.306711958142323
T289,Route C,45.13631298339156,966.9067714221867,43.91922181217507
T290,Route A,39.36656435678327,654.65795628891,21.157760906557336
T291,Route A,266.45445353859975,942.0565281533094,45.9896538921087
T292,Route A,134.01744409481398,282.7581590800652,42.6698647624504
T293,Route D,232.39725938615473,1426.577810339821,16.30985344066623
T294,Route C,55.63528761728932,1421.0242866965164,3.034794510004734
T295,Route B,23.088182868129763,1292.8235294908084,15.00908352986003
T296,Route A,299.5098323279781,421.1872879068634,23.23106922411842
T297,Route C,243.17490562674737,1320.2129134485115,43.294984930268505
T298,Route B,253.1251572505755,1065.1667261431949,11.241784262774994
T299,Route D,188.60966851175206,407.01837612256764,45.99723682117416
T300,Route C,75.26558257830834,1261.230351418399,47.125797047566415
T301,Route B,26.643310126226044,181.8721449022589,23.867651350200862
T302,Route C,229.09637850680042,1089.787083613675,8.72992672765036
T303,Route C,247.13907816195467,1496.2575636238037,36.895379532197005
T304,Route C,154.69610613642737,675.1156817855586,18.035847165810267
T305,Route A,194.14652555803747,951.3656363227502,17.179196637164267
T306,Route C,293.9911752995561,363.8631028025334,6.6070542533897445
T307,Route C,114.49177660119503,726.4446125886681,46.905635421585984
T308,Route B,257.9934415648195,206.94274407018798,43.12475766541399
T309,Route C,264.41704788276905,1058.299981470538,15.58376085413821
T310,Route D,43.34275565721598,1170.5059228171863,4.946522266202804
T311,Route A,153.0420291235722,903.1094261195948,24.336229281714164
T312,Route A,182.26782953998807,1124.5907249812672,10.056709041743918
T313,Route C,60.50016732814647,1050.248591790627,24.666323025501843
T314,Route C,135.14841269474584,1388.2609137482427,37.674384317981065
T315,Route B,146.8402094756356,743.9018369376912,19.194110639616397
T316,Route D,97.76756620751007,830.7201793805822,28.55244177119266
T317,Route C,45.259553815574414,589.6291785986044,27.26217468721504
T318,Route A,117.5880408162522,561.6159351197412,20.483701523845426
T319,Route A,191.19562709923665,1235.731630695367,46.52935350351998
T320,Route C,124.01180764015791,1396.860542234678,17.69290636790688
T321,Route B,85.82487668064115,499.1485707341382,3.5585445431058758
T322,Route C,75.54737677564941,658.0701108171088,40.91780591137908
T323,Route C,134.05947583417338,560.8577053399158,44.82016906432231
T324,Route B,291.06738246753474,1289.242926913127,24.336648969541713
T325,Route C,196.5829876256046,1424.3157115078766,5.771394900344762
T326,Route D,49.56170968307394,1357.8908859628423,6.085614637108116
T327,Route B,58.64588036924868,69.17396664481862,28.132926997244407
T328,Route B,186.7132814477209,300.4696976613155,7.465876450528272
T329,Route D,89.48973894587982,1347.9897980423832,11.022655236493678
T330,Route A,253.1747496594051,811.5814577399884,37.9269217249656
T331,Route D,39.42548288519375,597.3496967252888,12.205986536378044
T332,Route C,86.15120235814375,640.0409290326203,19.739565727688827
T333,Route C,197.73084314352622,1244.9571550032335,19.120019188614762
T334,Route D,203.86065641972206,1227.727907113243,22.247348130770007
T335,Route B,219.78661143603367,1250.8363277705132,21.332237967259026
T336,Route A,262.7123155776114,1279.3828085732591,26.008453386853983
T337,Route A,291.3044292749614,150.70283672536078,26.41413342747608
T338,Route D,76.25088048367314,1146.791295295167,12.316581806485845
T339,Route D,92.51251934764221,935.7888829126504,8.879179665060326
T340,Route A,130.42552976137756,417.9084533019691,10.551377475920303
T341,Route C,127.19204964297596,909.1955028864234,11.398404072672893
T342,Route D,118.96079519368196,1041.5944880632865,39.76592933640241
T343,Route C,37.41357447827319,878.1235980015588,44.78650865888212
T344,Route C,261.57330744030963,561.2435772653914,35.99236166106282
T345,Route B,205.7627445141241,404.54143757817144,3.9128255957636124
T346,Route D,240.44747349370772,175.1456360683828,29.5733181036608
T347,Route B,299.93231509303575,132.4906707447704,37.914437111548935
T348,Route C,157.04510396364373,561.0335901399512,25.99001392535879
T349,Route C,57.26329155990665,392.9735818185774,5.680275899448294
T350,Route B,253.25223936661828,767.3070574004324,25.553301860926588
T351,Route A,227.9211347611815,867.2857714980271,31.318387654964905
T352,Route B,235.09207153074155,600.4620755443459,28.20030446425543
T353,Route A,65.09221587587342,601.2273191615197,35.194938721594085
T354,Route A,231.2982623625766,1135.17671319235,14.291064216532043
T355,Route D,185.90916286009227,58.593302536683204,34.08772211929416
T356,Route B,34.16659066078116,1496.8255405954408,17.319566421913244
T357,Route C,101.79856319586293,689.3602914755828,34.798381825982176
T358,Route B,81.68447445225465,901.4989123956868,24.46775771866313
T359,Route B,101.51825142800323,403.39058405268713,38.01369282383069
T360,Route A,75.94079957134655,354.0754692961146,25.115101309328573
T361,Route C,131.3999142179441,1025.557371572028,15.233197038778382
T362,Route C,80.76291068174164,1460.4272896976686,47.530227047393666
T363,Route B,130.90921309874312,1367.1489925478743,13.137728518638339
T364,Route B,24.644663122878136,1401.1361486909811,20.52062733466205
T365,Route C,226.06127222328635,786.7762258164825,37.65917138639461
T366,Route C,117.1751214812963,570.465036361088,25.82047727970323
T367,Route B,100.51044006916403,1160.5576698775888,33.42172236685557
T368,Route D,260.4939883394883,836.1844991930093,24.446499825046995
T369,Route C,229.63321199959654,1229.0178693048758,30.083393023210718
T370,Route D,261.6674596714845,1063.492393648753,25.563406231436893
T371,Route A,264.41147839083595,577.4380190921721,47.61771591304597
T372,Route C,224.3052186238815,149.1349586633796,11.544540627135227
T373,Route A,36.11823686772553,477.47504073366326,43.01095411714763
T374,Route B,46.77998314241706,1254.4469807459404,23.367870739516622
T375,Route D,40.532258810254575,719.0461214641799,3.15830762072523
T376,Route A,89.42333258390708,1241.1290713902988,46.98691868989455
T377,Route D,261.8778053289635,1061.7671789689616,41.996005869362484
T378,Route C,30.720545217044307,497.9501557721817,5.384517767622501
T379,Route A,35.84209817875764,689.711887881422,19.64169030089274
T380,Route D,52.930849298307436,1002.3241274685859,41.72133574455437
T381,Route C,181.93807181639795,1321.8583317077323,25.305545979560243
T382,Route D,109.36281010327043,107.18544943100929,44.50034920480466
T383,Route A,283.4276557397338,1488.5520424027802,29.42586937312533
T384,Route C,57.889159812813695,640.8633664723968,39.24621138062006
T385,Route B,245.2825990065664,238.49562101924485,22.707611256199588
T386,Route B,200.55953988122897,530.3107420089207,6.2650729002963885
T387,Route D,202.88597206848263,1203.8410273484078,12.441846083290262
T388,Route C,118.49745810203653,882.7109992457533,8.238379290264728
T389,Route D,21.26735664400506,210.71563961011577,38.8849326519491
T390,Route A,122.62523678886592,613.0088955421845,44.48953967283431
T391,Route B,188.38595213261013,130.42045837488206,12.60977040335426
T392,Route A,226.4581166606042,146.72383524497897,16.798204257926393
T393,Route C,174.8458588907301,370.21116086194974,36.02773990658201
T394,Route A,294.7011477233035,559.2888994831021,21.9366370538752
T395,Route B,184.23434245560063,1055.1538332187356,39.26992170325721
T396,Route C,43.257590002046044,74.74148292723818,16.64878298343418
T397,Route D,259.40039742238037,507.1442183338645,26.268026568445563
T398,Route C,202.78261476806398,568.389556572215,40.36353979358034
T399,Route A,164.7864186692167,498.92536346217975,18.096346832110587
T400,Route C,238.15378865483135,256.32827253905623,31.49643759668674
T401,Route A,213.2807117317009,1298.2374953228477,31.72633002020759
T402,Route A,285.6718606294584,515.7365463556127,18.18873362837455
T403,Route A,149.97146041296347,1274.4821665955828,36.20506007531222
T404,Route A,219.00534678658096,325.46981254474633,26.31305742823778
T405,Route B,148.55832228806594,1097.9409350543147,29.32569848217022
T406,Route B,97.85462285696691,340.7987771220078,19.96546499400775
T407,Route A,109.45765359483968,546.3061858473253,6.138077345955389
T408,Route A,185.76535879200483,1032.2877933019595,34.12409580351993
T409,Route B,70.53092023482984,844.6030712777693,17.779209034321255
T410,Route B,161.50937291460423,436.7543952771085,29.989744654280653
T411,Route D,214.15147575053072,1327.8637820366673,43.76176653368012
T412,Route B,170.20520078199573,735.1110941180818,40.40863629185257
T413,Route B,177.5061963042607,1193.23573810196,30.945803944072697
T414,Route A,79.50622170115805,1300.0851937158302,12.463026062316233
T415,Route C,204.14315763133567,702.419709957072,25.751234639393676
T416,Route B,187.27742888253482,532.9448876983311,19.243299040101274
T417,Route A,169.36335344736625,852.509879076004,29.188596105784143
T418,Route C,214.90485762376335,169.55481240827456,35.641381560131784
T419,Route B,216.27640819992035,1041.493209683806,35.40804609988874
T420,Route B,213.7644624866825,1143.7806568278997,4.620253182151477
T421,Route B,59.365249129498096,203.93770650921908,19.147853231258278
T422,Route D,184.9178431023758,479.5802299168061,19.942276177678647
T423,Route D,215.65836850003112,1162.2036983423384,10.614205348721683
T424,Route A,190.34209883407618,508.85628139685554,24.38677981897318
T425,Route A,74.01397874975208,940.5043241890797,14.837995590430962
T426,Route C,26.67592413088327,921.5861090788562,17.980073955600425
T427,Route C,190.3796416734316,426.0081239955041,28.339295421019113
T428,Route D,81.72926490502661,1160.3164207755356,40.982529979501656
T429,Route A,251.73274080866634,766.3386126062617,21.703032609009835
T430,Route A,281.90823726813784,224.2402528983308,26.84514850897511
T431,Route B,254.78701904141866,197.52931392339644,38.58061101114086
T432,Route D,67.74017043439711,1380.1716989029735,21.767177284313405
T433,Route B,249.17005220081037,604.0993815977874,19.764376995346055
T434,Route D,69.98465128438325,853.2830372107483,32.632573568514985
T435,Route B,103.48488666670917,979.2522656823046,14.460419615535557
T436,Route D,251.90333191518417,1099.8599707433743,3.3102806016205344
T437,Route B,60.67291646986024,649.1969944013838,8.182891059300667
T438,Route B,72.59263755712686,757.7821002992858,14.67268463814723
T439,Route B,256.6266647889237,1109.4661751628967,39.228418190249386
T440,Route D,296.4047137239186,1004.0447034016686,11.683627827641798
T441,Route B,198.03973239726784,945.544459494062,30.55093468747107
T442,Route D,192.8590411637366,612.4626868360623,16.22907422264909
T443,Route B,171.36059398443442,1450.2785440509767,4.706088448949312
T444,Route B,88.47779482892783,317.57354173969134,40.27854949027962
T445,Route B,30.581960673679895,219.09154932350927,44.94135497345787
T446,Route B,146.0851898252943,464.5740472845553,9.648297796118339
T447,Route A,257.1472638901077,414.8180076503998,25.448725933318734
T448,Route B,268.79716278186936,1443.235328601996,15.241750199923187
T449,Route C,161.56445978932206,62.13783980276801,27.294607736412736
T450,Route C,283.1083089976917,1326.1347260541038,34.312250632436
T451,Route A,177.87749362151604,639.2349538163207,47.28926177567797
T452,Route A,232.65064524390138,872.8110463560683,18.024587007674327
T453,Route A,143.73573825379356,1055.6423311519966,13.704865319537568
T454,Route D,42.99841409360854,115.15728365184063,32.74254254808723
T455,Route C,254.57970687716895,800.3845300105598,40.77899340381624
T456,Route A,284.0727716691435,107.4428682562332,3.283361998072672
T457,Route A,222.59203310544618,192.53561522730323,3.9937374380607893
T458,Route B,134.51426357068107,959.7191603873368,28.73853712589787
T459,Route C,260.89799753734684,448.5704921285732,8.000504719791708
T460,Route C,196.6807853625661,256.2025392668387,30.940005993304098
T461,Route A,20.779015053950843,121.81341821839833,28.033386019366585
T462,Route A,281.8843780301077,1215.9207035918012,38.86501265877848
T463,Route C,149.62160598926906,968.1412366595964,38.67312463485235
T464,Route B,68.81916393480071,96.56481802417782,40.292551939300424
T465,Route B,71.24243836787971,968.780647142186,44.97580297733913
T466,Route C,115.54020747666901,199.56789888378978,29.151348338825983
T467,Route A,31.897786739402363,524.801763673218,8.66014436659059
T468,Route A,105.54256276915794,1006.8794841311959,44.072324696179344
T469,Route C,45.52304431293484,462.89428636750534,47.84080688379967
T470,Route C,76.54233874600251,1149.4977870336825,3.769383640327769
T471,Route A,25.052773262091957,801.9828479936941,29.692164467933566
T472,Route C,210.68228101743966,411.4536874791548,19.213587761077036
T473,Route C,181.16551944692435,856.9709423426252,15.972535995728967
T474,Route C,45.80683099684299,99.50588071285333,37.38660073719639
T475,Route C,237.10911258701736,686.4555456496917,15.863670271050172
T476,Route A,212.65452897249088,521.995366116362,8.885085463856283
T477,Route A,63.231828593895955,656.8696484301498,13.16106516983315
T478,Route D,31.595138996818186,936.3718227353935,26.71916292418353
T479,Route A,57.81120469804086,664.4934635490677,13.69237403757616
T480,Route D,52.73307347203549,853.8921260564637,18.07705876083417
T481,Route B,190.89692318422794,211.56209992068113,28.44184277994242
T482,Route A,34.34529678264305,499.27264783262495,33.835552501631625
T483,Route C,107.0660347400612,662.8655660601216,5.221847336102321
T484,Route B,120.52428746137166,127.83083138969982,20.928084888095515
T485,Route B,43.996217916135926,1425.2863314129715,34.865698037857804
T486,Route B,116.1163136104948,1363.6538645828562,17.081360559782016
T487,Route D,178.54312688785075,533.2152852799197,36.84265407188546
T488,Route C,110.21292214243515,959.6186486163599,17.752798363817767
T489,Route C,280.59072553218624,736.757433009445,36.92755158516695
T490,Route B,100.06494829050254,865.8015611813101,45.96654041201661
T491,Route B,202.26902768114843,226.3737827341295,25.190901616797394
T492,Route B,170.8380962730061,836.769139197549,24.20675346465227
T493,Route B,125.04740900402193,417.77457952896486,24.285537800772154
T494,Route C,291.2873378750867,935.9976146006528,45.80872250277991
T495,Route D,260.4968722232052,1162.9474644403433,9.32662389552526
T496,Route A,76.18692034691234,1357.9046528196525,36.05361389135093
T497,Route B,292.29040153936756,98.71061663005554,33.72778694337884
T498,Route B,25.344780150545354,809.3341719749395,31.09229798508068
T499,Route B,23.031872383093358,641.8035943568949,36.0128137177995
T500,Route B,46.72000473947209,376.00399751713627,16.688277938611037
T501,Route D,119.58460114724053,432.77908376794903,44.68911636805885
T502,Route D,122.1872784150363,1243.9950837613158,43.759153429906206
T503,Route C,35.62784946997505,1119.4173514813938,12.602074346678197
T504,Route A,228.05003014753441,1359.6693857956693,25.660531333300668
T505,Route B,109.84332837677671,1188.1039263731343,16.424901765525654
T506,Route D,285.44153986963016,132.41728033617983,38.37565654416183
T507,Route A,299.5060792203248,211.80452925172963,43.4134889946415
T508,Route B,213.2536420605706,1034.8539536701755,26.60799138834157
T509,Route A,52.27985747055535,1004.9757550282814,16.748963617676246
T510,Route A,164.80994299952286,1343.79403303695,31.68960279279074
T511,Route A,239.7299292206009,813.9243571868244,8.551868650567755
T512,Route C,277.10830243746557,885.114111867213,25.40702211281578
T513,Route B,139.45920089950152,807.530109632867,36.89737411568149
T514,Route D,20.06409200743545,1035.0352041728354,14.088106786467344
T515,Route A,133.91429204269582,623.0351469861674,20.029136994798623
T516,Route B,180.34424969816453,939.7944324640166,32.09930850856934
T517,Route B,51.082131452437,761.6329103497452,46.14473823449785
T518,Route D,200.90896774088648,1421.6105813727547,5.651536950333378
T519,Route D,177.55874158346822,658.0302318471705,9.157319955183416
T520,Route C,153.782367598207,235.58492467104523,7.885778719592948
T521,Route C,171.8582113935085,1242.5945799596564,12.148430019475908
T522,Route C,28.35250712870029,780.9610168834769,4.7880622031463504
T523,Route A,230.8074541512586,282.9409517629217,18.658558045881243
T524,Route D,215.6549291939147,1395.188001944133,14.90846449568911
T525,Route C,76.21996155359474,226.92166938701004,11.11364173350054
T526,Route A,41.461147427055906,149.1038695895478,13.8414854053561
T527,Route B,129.93980592178457,437.9350898426147,31.60171205965595
T528,Route B,232.0950735847595,999.5814586406109,33.69198040659005
T529,Route D,130.6982522840117,212.30373056757853,44.71005221885327
T530,Route C,222.3362322613628,1452.9772767942716,11.673618726770012
T531,Route B,237.3999671059952,825.8427980620352,6.646222230261247
T532,Route A,32.854728806295284,881.8831886507052,4.696125883085544
T533,Route D,130.70860642733672,1428.0508843416858,24.682423057591617
T534,Route A,296.7235248307723,728.165941634933,31.712144680930592
T535,Route C,27.362912261671212,1059.3449684490465,13.02436053739076
T536,Route C,270.58472989062255,102.28258924775147,32.62314245130954
T537,Route D,52.73463765279456,103.49302814564857,10.619922795755816
T538,Route D,190.9451796525814,1127.3517020612237,12.2316391704759
T539,Route C,285.93021259804414,1409.3021239715474,32.55435182416947
T540,Route C,192.4661199397554,1098.7119884826918,45.90459607027949
T541,Route D,73.23750660617043,274.06577140340454,43.54441063347863
T542,Route C,78.08860127349101,1249.9033467647987,3.2430182928151776
T543,Route B,28.44371637364973,908.116717207432,47.143377601205025
T544,Route C,119.62377345477827,144.82949540877527,18.765967336127193
T545,Route B,183.7349622058916,610.4306793992904,27.496409559827708
T546,Route C,246.88934698095346,1172.9723128805915,17.885015328742448
T547,Route D,183.16135418194568,349.19922646763604,39.92268634726471
T548,Route B,275.3774845600206,1243.7125002421312,32.9297393011208
T549,Route C,213.59765080220663,883.1127958752949,42.351116417058776
T550,Route B,174.81723873276857,703.4434877120541,11.757752637123495
T551,Route D,77.6924491191931,53.39399703449751,31.459199241368704
T552,Route C,239.834215272506,426.381127179913,26.455801160293795
T553,Route C,104.82986683231019,1237.306807903441,29.08660567323464
T554,Route D,109.84669643307346,204.90774079009242,18.808540133542085
T555,Route A,49.68615156559807,787.9234743785735,2.296118517222052
T556,Route A,34.24541362092148,94.98843355672702,34.41449148745203
T557,Route B,147.47661998042287,426.2980584890699,34.85983120125184
T558,Route D,54.36139063522038,289.5071116626478,42.0222547957476
T559,Route B,114.80621542380347,654.5431964245473,46.27595759190273
T560,Route C,254.5824215951541,913.4475408499919,11.158699310425304
T561,Route C,112.25328301001538,686.2428235109487,5.133158708420073
T562,Route C,193.74803966934286,1240.1808785696103,38.105670262474206
T563,Route C,258.26621521135144,296.2994482613063,42.420042585671894
T564,Route A,61.76504894923258,948.1729841085504,9.874149774402108
T565,Route C,285.03883427424535,1295.5837479090947,7.016485747229545
T566,Route A,176.85782734521064,920.5936599499421,41.044530356695766
T567,Route D,225.98020646289817,702.2596308764834,46.97645191726718
T568,Route D,260.2901433348693,1118.1882467441792,20.760109876811317
T569,Route D,238.13364526687803,183.5142188149479,43.62677166369487
T570,Route B,87.52507771896104,1449.9536266110558,37.483944325102165
T571,Route B,90.30241120710605,540.7309552280035,15.317011357325509
T572,Route A,69.956675145659,340.6711373698739,9.221263714227781
T573,Route B,74.6645712049978,1440.6103397540512,10.969708901901472
T574,Route C,245.2739252068347,57.382294578265416,26.20129927073719
T575,Route B,176.9095769577535,1192.2498703012304,20.277776669684613
T576,Route B,56.030032222214004,658.0576485645596,46.09574553151064
T577,Route A,106.52276009604738,1225.7876886769463,21.105376137655036
T578,Route D,41.652907120516154,1295.7216412780576,6.46902920567494
T579,Route B,251.77704506191307,506.77113296713094,7.4963765788267205
T580,Route C,192.30696366370614,1339.4833363672017,43.6643545229374
T581,Route C,66.0383689031404,1485.423960218212,25.831371675327205
T582,Route A,254.41161676893432,1426.015942224061,45.49031999446524
T583,Route A,271.1540668171849,816.2158111051901,45.710129482276756
T584,Route D,217.53287855816677,340.1737300689359,46.28797477535451
T585,Route C,159.3344602767795,1221.029024631166,44.38929164872345
T586,Route B,236.2606306536717,1415.3279306520726,42.842424783453865
T587,Route B,127.31990094799207,1444.2463843776993,30.557057094749123
T588,Route A,145.2437319013202,1314.840468453618,45.77854112373444
T589,Route C,140.25910261053565,361.436506230562,38.59393869670326
T590,Route C,293.0132389168245,986.1448829222014,33.33728526136133
T591,Route C,112.50032447771547,1387.803820404065,43.133626697186195
T592,Route C,159.02967262574322,756.466178435934,39.19751867489743
T593,Route B,268.1484055604184,1233.9316862519684,19.541580690133728
T594,Route B,43.92752119452133,201.63336109171706,14.872754274584889
T595,Route D,101.1114971913013,1169.0270228227416,8.93509485878591
T596,Route D,230.30082048095088,143.94830998584752,45.72886817505551
T597,Route A,226.7458326816216,850.097071408853,5.945162203801029
T598,Route A,175.94187453804003,671.0262863844772,37.44071246237024
T599,Route A,214.4974856706207,315.9281483425772,19.772106118185956
T600,Route C,99.40944584706244,683.7320029029056,23.45215319706453
T601,Route A,201.47440617277744,1093.6144041995121,7.573330113356155
T602,Route A,33.296504058592504,1154.1475441806003,7.457022681917316
T603,Route B,295.96750271632067,1386.5769713933646,18.156934350759013
T604,Route C,199.2818227287396,1061.2529200435006,34.804297278095625
T605,Route A,70.21712661415634,1494.6730594278013,14.329754248084454
T606,Route A,221.97342793325595,465.0302492788422,34.02922166932453
T607,Route D,199.00730998497434,274.2358652249773,47.84466491632244
T608,Route C,289.99764147693486,191.18469908044128,21.534435571136694
T609,Route A,100.90284895867174,897.6551900132449,45.033759302977735
T610,Route B,35.77836667971303,552.2481898635627,5.653254548395124
T611,Route D,71.32495933614177,344.74936780093145,16.419020354825097
T612,Route D,137.2548781115293,358.7316068724168,29.55382618408837
T613,Route A,86.50592451408315,553.0805988579511,11.880243814473978
T614,Route B,228.11675178651566,1044.9678378548656,19.168389812357447
T615,Route D,33.30699368313346,922.1343768833684,22.762273051481973
T616,Route B,56.01498453038372,1199.25000336337,33.010996238663004
T617,Route C,106.41782520080271,511.1407933793701,12.024395995178251
T618,Route C,176.87463353476457,1085.6301580058046,18.225825741505492
T619,Route C,101.71026218168694,1311.38250868841,45.914130991467566
T620,Route A,177.27690787301697,1265.6548283138018,14.244764875606052
T621,Route C,107.21394018240692,1005.5886063118447,35.82309806366708
T622,Route D,232.79969524465446,1281.7477572568234,42.06495532295599
T623,Route D,227.6411600012213,178.00393391226444,32.8803284250097
T624,Route B,241.24392684211654,741.9110407163686,38.27501066871577
T625,Route A,287.8678455709588,456.98621610684324,47.26584458316289
T626,Route D,251.23465105351738,759.2141561157545,17.26492323198185
T627,Route D,252.10576847595993,233.5969191966231,13.875639358898303
T628,Route B,126.69633844858843,210.42228277375952,22.715602930736207
T629,Route B,107.12367252389906,209.66283125633777,31.362696990218254
T630,Route C,82.10684246211784,183.0707885868066,6.92965298337562
T631,Route D,144.2269678301854,757.0023575930435,4.4108434533869465
T632,Route B,125.36891809793514,223.21707084433018,8.329870039545916
T633,Route B,81.9691740953136,1266.9811711972695,9.679780793457489
T634,Route D,20.50293389689118,465.90720339499774,3.8066918035434156
T635,Route C,147.5705152226834,1439.166569462361,29.24521513036754
T636,Route B,294.5608334303805,872.4760576829692,28.69777741159004
T637,Route A,224.38953029052254,968.341050007029,24.05052418457935
T638,Route D,283.0858335309166,952.8367015689162,8.012600881088272
T639,Route B,160.08897639978355,533.301549347394,45.54291901429604
T640,Route B,296.25268088926447,1310.9962017135879,34.44984820776756
T641,Route B,75.7694691709594,1489.230692516463,6.6657590152758175
T642,Route C,174.74462716420024,284.4025112311891,28.52355020152966
T643,Route D,92.93107103637257,763.5518219798503,3.829589077507241
T644,Route B,84.0390192072223,779.8046680921659,20.610014578118232
T645,Route B,281.98041509810946,1184.4867882306748,39.17595049073942
T646,Route D,181.48348182344995,674.1458748619048,26.439478759718725
T647,Route B,43.38761070717653,1032.1301433436727,6.416793334133642
T648,Route B,122.9101447631086,570.0602668214583,40.94886268026907
T649,Route C,254.65299640065166,139.84939127543822,5.426859803065202
T650,Route C,46.23973834650619,716.584888980984,24.410162605741938
T651,Route B,26.1301395546218,1144.3082729977914,25.636203732065486
T652,Route B,256.80898832285374,988.8175276047839,37.58720678205628
T653,Route B,210.81317002699902,813.0999669391571,47.33983037869458
T654,Route D,39.633759965349064,1374.588163998602,20.348879734262844
T655,Route C,71.44384229166187,748.6079272489453,31.47645356469345
T656,Route B,39.85377465921708,575.6093324397846,25.934086272882688
T657,Route A,39.450866334299675,624.5287642891044,5.666873151863858
T658,Route C,272.02478644119185,1099.4040538309157,38.674823059072935
T659,Route C,231.01383333254861,526.9881529479042,26.045737105677897
T660,Route D,163.625165286778,978.2969456963825,29.90536717326075
T661,Route B,109.31633029228922,609.3924618880012,17.570612836610266
T662,Route B,191.1810991223596,884.8148138347393,44.081205767517304
T663,Route D,99.95980047151512,383.0175736449466,33.622057260804354
T664,Route B,59.81607251381949,338.2164102648523,18.421782606028096
T665,Route D,156.2954519489548,833.5691216924006,24.85300538383795
T666,Route A,256.6775938923118,438.8313430690423,16.059860476390302
T667,Route D,211.7373054624619,192.2792616750165,31.386797537839197
T668,Route D,239.76316560336346,432.88943010610444,39.20437972224682
T669,Route D,70.06607797814802,622.8373320634483,17.771728539198044
T670,Route B,289.2384403900029,512.2579140918526,39.650300001184405
T671,Route C,41.11647970417778,931.5447923609128,44.63720061117686
T672,Route C,162.91040378970226,568.454196700467,20.17128788504885
T673,Route B,124.19788530316697,327.91292545507036,12.63005470485184
T674,Route C,185.83219768339347,1369.9152935982188,45.39914026567919
T675,Route D,283.4208295492321,888.6591361470045,4.518688692785413
T676,Route A,50.96379926000644,381.02017123101103,24.233632277132827
T677,Route A,56.981607024242884,530.7253274518933,37.845352739559296
T678,Route A,113.7530209372594,876.1439108378881,4.112183573123024
T679,Route B,199.5464798825667,237.1625677112591,31.458899011201922
T680,Route C,60.97616793332106,607.1091114317932,40.59559848484979
T681,Route C,56.55159653218193,320.19641968497086,15.70996131969734
T682,Route C,241.67491576716728,578.5652393468057,16.2749305062506
T683,Route C,242.55272080868454,681.809581165767,3.555546018866161
T684,Route B,210.55118852409086,847.3699058572683,27.3466136026015
T685,Route C,134.94146942757433,82.9175065554988,4.826329197546812
T686,Route D,180.6335876135595,1054.7369779057333,2.1021758865975846
T687,Route B,192.20570801167185,1372.1803240831753,7.8380052447538
T688,Route D,210.14879835020804,487.9152662506844,21.994416094325537
T689,Route C,85.41620012114865,200.55573944360845,36.34886563380194
T690,Route A,164.37455600427143,1357.9621185594103,33.05539393699706
T691,Route B,299.4992144738225,668.6196772515987,16.36810852384209
T692,Route B,69.2601618554349,1047.4429703409146,16.76537003642101
T693,Route C,41.70387183683696,940.053145933222,32.249770607297904
T694,Route D,39.369771254018346,1290.0232943899268,34.53749750715492
T695,Route D,206.77125640106726,756.7616722488701,35.25248744479989
T696,Route C,248.11430400797465,1067.9945342771907,9.28655151600187
T697,Route D,86.4483878831577,118.01255388825058,4.994489465323042
T698,Route C,29.583204743228904,64.34259129357466,25.21026539497648
T699,Route D,220.112184845159,1177.896469454908,20.339271277676154
T700,Route A,229.258255869305,1165.968275298522,44.74681113465825
T701,Route D,93.82101636749695,271.25368544352233,2.264888321334425
T702,Route A,24.1943685160323,945.0878021097423,39.2114162123456
T703,Route B,243.86762307541335,535.0743143087204,47.62651831818131
T704,Route B,121.08300955398856,334.62575386788706,41.117490596029704
T705,Route B,165.53082381038763,1410.3560038203937,39.479722738767734
T706,Route D,271.99405151713046,1404.2518887818364,3.033802464645577
T707,Route D,77.5730201346201,1028.9691174301274,41.80873575055982
T708,Route A,56.48055306070128,1491.942476700636,28.870614226287685
T709,Route B,182.96760189746198,306.55915273189225,32.083382665447466
T710,Route B,206.4995792544737,1250.8830900056096,20.25955436988463
T711,Route B,130.1850259758326,863.5118519269043,45.42411119371319
T712,Route C,28.92907921511823,313.2888728300741,26.06137747963368
T713,Route D,44.98548161759892,955.5829334454099,30.411483471167756
T714,Route D,94.92086169533745,1488.5341158742472,11.610074133998722
T715,Route A,81.69173305180254,372.25727042412603,27.674758549679776
T716,Route D,108.18263673219467,728.6008535162938,12.14975323566811
T717,Route D,170.84125929331879,192.5100087560099,7.269372265043889
T718,Route B,35.64081627578569,431.7427279023458,25.69193156602406
T719,Route D,83.4054896712936,479.4217574153128,40.920913124707916
T720,Route B,244.0200551462518,881.5784512293774,42.360625934565746
T721,Route A,67.14479042885883,146.7565994133015,45.10104530657488
T722,Route D,103.79252679307022,1332.0091103138975,45.06859412692413
T723,Route C,147.97408157794536,1441.9617202869842,46.55836938472344
T724,Route B,65.44432722450117,1036.299830164548,35.19997405806809
T725,Route C,232.4696140620082,1021.629256007501,7.130348041092308
T726,Route B,27.847394939650027,485.313708460954,30.42089540710398
T727,Route D,139.97754300968484,1344.6896714404454,30.009626677364672
T728,Route B,173.09157721723153,1239.7029525166188,6.931569498444847
T729,Route B,54.80959288893753,221.55862626019066,34.33005274027408
T730,Route C,212.5627145709384,1088.9685351978512,21.04438264852365
T731,Route A,47.239532279248024,232.20710898915436,5.230289409031277
T732,Route A,175.7374384285535,393.16353182380317,45.01259333827807
T733,Route C,271.172232207104,1240.1176490667892,10.822475059125317
T734,Route B,66.20202009614441,740.7451575599473,7.701910512208517
T735,Route C,179.8696525733348,707.4572878890498,11.32476501132986
T736,Route A,250.82170977684962,418.15287609097385,37.15700640595271
T737,Route A,80.27542413179752,945.8419822772502,37.47550611477173
T738,Route A,25.28199243109542,254.91630480088108,5.944316557644085
T739,Route B,25.988842241195552,1205.8348867625914,25.58772682870355
T740,Route A,88.59710774010705,823.3279710609457,33.74584366267293
T741,Route D,220.4926913828461,1275.2692689316718,33.416191819858454
T742,Route C,114.96957469510332,766.8751330772068,32.86314054745593
T743,Route B,154.21775479623378,475.35428835618575,21.518029346801747
T744,Route A,36.180258396115526,67.36435924217211,20.820450383688524
T745,Route A,266.81478162142093,646.9084129955612,44.29190652267826
T746,Route B,134.78290627538695,1422.0072513538914,45.85109047953192
T747,Route A,240.66290312725323,1262.569834011067,10.112984473833288
T748,Route B,24.627325451453032,1497.744367517944,47.793031483065455
T749,Route B,215.94024013716776,277.10636166373604,8.328874736482582
T750,Route A,160.39730315749063,974.6058656085315,38.17462235530955
T751,Route B,92.80832356756264,243.7984066085423,6.796947912040389
T752,Route B,220.4292485559165,1362.4110029133194,30.705664189055703
T753,Route C,157.3259484577303,554.4941323150754,27.487939759911225
T754,Route A,188.34919555371516,1345.699411633034,47.940336919964935
T755,Route D,225.79357738005578,344.49017061693957,25.83795918186017
T756,Route A,45.044034349829026,280.9552469167053,31.150624356258888
T757,Route B,213.03681561701782,309.4266370659899,35.142253411355554
T758,Route A,139.6661906185343,1180.7051339052414,35.37440757010634
T759,Route C,280.51325835592314,1302.0236252026748,31.334392687206513
T760,Route C,265.9986606433507,108.52446692730817,38.093082884347766
T761,Route C,230.73634511533496,265.42683175142224,35.679861991994414
T762,Route C,225.27470940861812,54.754213411616114,18.936883809066448
T763,Route A,267.7511519595953,137.7968740088425,7.578164641809529
T764,Route B,242.8238468536206,180.29065265538415,43.542662792548846
T765,Route B,289.4789018030113,477.3057324222234,2.4493198088844963
T766,Route C,261.7090392179409,358.78770875834954,11.369250731033597
T767,Route C,112.25541374975732,1010.0101044996871,27.30104901661897
T768,Route C,215.4155152752782,1496.410037135685,38.23072252976896
T769,Route A,262.4557420814873,1008.3078058906004,11.825492998267627
T770,Route B,246.84639173852574,50.86923015433373,31.201018899353457
T771,Route D,194.34797070985115,238.38885824709132,19.38876841072822
T772,Route B,161.0146086116558,208.6845662558743,2.1581055758289733
T773,Route D,43.356336428356514,655.5083827602899,34.89618862651486
T774,Route B,109.72697420205053,453.294484539087,30.749491121898956
T775,Route A,189.455444836088,1447.9033669306652,4.553342163029697
T776,Route C,181.83417305749333,295.7259446902531,41.998355787942984
T777,Route C,229.88439694806877,1015.3552430956173,9.831844214938101
T778,Route C,265.309300112635,286.69384191228926,38.999414302692976
T779,Route B,177.30814079065993,836.463381514948,20.50453370461822
T780,Route A,199.972327080108,86.10670533569245,12.035875186136922
T781,Route A,139.23639752554516,120.10129339748615,28.93030588437966
T782,Route A,36.426685807511795,95.92699154273156,22.751264990875914
T783,Route B,111.57683660418816,276.5780713437049,43.42099343857253
T784,Route C,171.0644531419925,55.913617937145375,31.633422806670037
T785,Route B,158.03490970878988,763.8819195328658,39.73498224904178
T786,Route A,177.69481947745717,612.384055121339,3.9371527303529943
T787,Route D,195.1138720082321,140.4900957006733,23.866544304892905
T788,Route A,39.32994097624068,163.33652139227803,16.969985912358055
T789,Route C,23.452253671929842,1173.1500421510136,9.351118250346262
T790,Route D,83.8202105830178,85.64071989163583,46.81455353967629
T791,Route C,170.66673101548585,1384.0612471161758,33.73531315752561
T792,Route B,115.25935472921856,587.7082544226854,16.217689214262727
T793,Route A,182.85152307469295,258.3041016354715,21.838396744054215
T794,Route B,198.64386845027298,1298.2816326268967,25.738818599012674
T795,Route A,68.93868445325617,563.9439294549576,2.699810783932062
T796,Route A,184.3833639557202,878.0481607996745,37.61776656746135
T797,Route A,298.84274842562655,765.4717344530744,39.143845253155
T798,Route B,289.4844490301606,917.0046907135469,35.40478912163263
T799,Route A,118.91032080336709,309.15874408854864,19.342727328809506
T800,Route D,77.01620942072392,624.3678975110743,6.578749057852026
T801,Route C,273.7412867843629,478.2974652271095,2.2288594746538397
T802,Route C,230.4880854224223,1175.9418966895923,22.07415396234017
T803,Route D,86.29413059279379,1185.4082036328778,45.68562413975188
T804,Route B,112.82986866044664,1491.6426500045554,23.433485016650813
T805,Route A,140.65969385036976,1497.646549313954,43.317197255099586
T806,Route C,129.42551507550868,190.32849120419166,29.369403454546067
T807,Route C,192.17232862821777,723.0064257045868,30.58521903377976
T808,Route A,222.58630052341545,1134.9456524180944,38.88315225205885
T809,Route D,271.88034307909857,1022.957921013144,15.255362854977406
T810,Route A,69.3423098222117,753.5287086196735,26.364646437389922
T811,Route C,122.38261923916471,194.10573465138202,6.186496993454139
T812,Route C,229.93741553844376,729.7093483638112,45.93360493761599
T813,Route C,214.9145512999438,1436.6527131822204,47.7465093144074
T814,Route D,271.5939940367383,685.1913094046575,28.2336416877896
T815,Route C,218.6134526255702,91.25209456481025,44.3958855741149
T816,Route A,52.29956381611896,631.6052467569244,40.42510385322014
T817,Route B,221.54839791158807,728.4394555917954,26.181412944330006
T818,Route A,28.341508917222363,1121.772871011841,30.541825243471358
T819,Route B,177.31314285638123,380.6356367888054,35.538773515908176
T820,Route A,207.55541113360826,893.4147766753248,17.24949070053207
T821,Route A,251.04696106172617,301.5031564711512,16.242598018569232
T822,Route B,188.17192999042283,943.2069193556306,40.12110097167162
T823,Route C,197.8418309706988,806.8561612606491,10.681120628963555
T824,Route C,62.587398316563196,1296.2255850119914,12.871983936553567
T825,Route A,37.46760914296392,720.2852823235577,29.246026456462236
T826,Route B,48.53942725497056,464.01436049389883,20.279582108064606
T827,Route D,84.37494198866261,819.9838692933823,8.033421683486816
T828,Route C,145.152993727416,861.2399694935893,47.25932246518309
T829,Route A,129.99923422488104,183.73353855442755,23.770328987906016
T830,Route D,104.41052298712188,876.8886675114513,47.95104986617808
T831,Route A,268.72213959490534,1056.6155633704298,22.762518527220237
T832,Route A,44.63421976398862,1332.5782410980369,38.117176479541435
T833,Route C,60.363227840979846,359.6847459981762,34.37902657527713
T834,Route D,141.79811463828952,711.6260717608004,17.005128851647157
T835,Route A,56.28513956780103,134.66708287771218,5.831449199822488
T836,Route A,63.56106103574839,287.9816490618359,8.978614411972146
T837,Route C,290.7841080588822,1391.5794100498986,3.7601018223597316
T838,Route D,158.38598071824904,1410.72776923024,32.227484122652086
T839,Route D,49.39877527194285,109.9193879463003,5.015581398347777
T840,Route D,34.5535205211945,824.793255910174,15.619878452654147
T841,Route B,225.7931826957785,249.41632356526623,7.271879052050698
T842,Route A,127.68402981915165,1071.5943406522933,28.843021978343096
T843,Route D,99.66076699947435,953.806892118306,34.27050006290318
T844,Route D,212.59670729112787,799.0137841807933,22.49424731312199
T845,Route D,215.63533612937,803.5916566108125,46.06406396781716
T846,Route A,120.9277341323421,943.1603700918538,14.37380058537034
T847,Route A,286.1946781831125,688.4980214514924,47.63925384664745
T848,Route B,131.97791937212997,1111.2710146416985,28.915310111214726
T849,Route C,126.29183877679067,1082.7328193647165,41.57887708801667
T850,Route D,237.784927693081,539.8439939595028,7.519424745146753
T851,Route B,248.45434928553072,1094.5044828735538,47.248573111708595
T852,Route C,100.42546823400347,547.2302686539192,36.73230416818409
T853,Route D,212.9417071317766,902.8497746418917,29.35313789059829
T854,Route D,198.98876604398154,356.72540726495674,2.223709160050222
T855,Route A,29.425923319269533,507.7919622952075,2.19387348894391
T856,Route B,74.71559737652609,366.6878031223348,9.769546059244782
T857,Route D,48.15443515222849,1484.0412076589917,20.731455565072284
T858,Route A,267.8773306252444,936.787093891761,15.611625159261724
T859,Route C,287.59805454620965,1027.907763899167,41.088079107007815
T860,Route A,250.99520369904772,974.5693223513452,36.565153971205845
T861,Route C,107.1078597812184,91.4174508350826,43.02882362299207
T862,Route C,260.83714119084914,1091.8225581965712,19.20121251793677
T863,Route A,36.2880620730823,1179.5243763615108,38.19052787829763
T864,Route B,211.8778345781134,543.8476524529475,40.76567334646742
T865,Route D,54.74866176149042,900.5113095293979,47.866164487384005
T866,Route A,23.519233298588517,90.0115949363631,37.740808369595484
T867,Route D,69.11998597581824,357.9466958900592,41.498047461425195
T868,Route B,289.75540731121737,328.62794401172596,15.97833861345929
T869,Route C,231.18071820194817,421.55676878191326,32.81178217850406
T870,Route A,165.05440861481378,603.791975592064,32.43334791172303
T871,Route A,282.3473857275718,366.6509899462911,28.836929833293333
T872,Route B,136.52327662010933,381.55210031760305,46.31629717969771
T873,Route B,31.279130852684002,1436.5913262159156,21.19881838621936
T874,Route C,186.486958314269,417.0748720547988,41.92608438009424
T875,Route B,251.94118778776763,871.9501517753121,4.57410038030612
T876,Route B,100.09290293073076,981.2167701442448,20.84268274521785
T877,Route D,108.84559342749607,500.05186445944014,5.355117436687331
T878,Route B,208.03547658957558,149.23611452570475,29.328192190375674
T879,Route D,245.25785007335128,736.7576806918852,29.24899274751389
T880,Route D,141.53876146354258,1484.2381788908026,17.94877541029604
T881,Route A,44.90696304542254,463.9459579475183,43.681143175621806
T882,Route B,229.0445532553744,56.46061796189454,9.473853207433883
T883,Route D,139.42724036985962,1205.335623150622,23.356445595062088
T884,Route C,274.84635180302536,414.5557312372801,29.142720036323293
T885,Route B,90.88185980487569,1283.3397287558596,11.119512203828059
T886,Route A,149.71987440333177,420.44739647036073,39.68829570026173
T887,Route D,218.27528692188116,1313.6930275643667,22.957340037842574
T888,Route B,88.65049437463601,1375.1905582560103,26.06531627455846
T889,Route B,83.52195437324211,892.0820507542019,20.696161322100526
T890,Route B,224.01492322666792,1259.1215151426397,29.87808632691027
T891,Route B,70.38245187184445,1307.0916258724594,39.44351375258724
T892,Route C,53.36311196664154,556.8258621885745,17.42013957538566
T893,Route D,92.5060627271562,1004.8110779680267,16.000920652516356
T894,Route C,249.69186064075282,926.6793232001576,43.94715495280308
T895,Route C,261.87168397162367,671.3403371137,47.96633141412046
T896,Route B,49.228474914963485,1147.3261973154417,12.479298306958848
T897,Route D,50.711013147248295,733.8764286274072,11.98426659204822
T898,Route D,254.4022501675374,437.4998040190655,8.807832368364421
T899,Route B,284.8599179681429,452.151133976286,15.466998541290705
T900,Route B,154.45676454664414,50.85738348644754,24.832878852519936
T901,Route C,257.7412802785523,159.28483551761286,2.2228735767368732
T902,Route B,269.01815991897854,254.7727400520051,13.085465374439174
T903,Route B,121.00728240733005,1077.7635357841991,41.49276349258685
T904,Route C,161.28938211529268,219.55888969194297,7.697322936085834
T905,Route B,179.92028560278555,368.6011894924629,40.546285751099695
T906,Route C,236.95611425654468,739.9268279417264,27.759420936376408
T907,Route D,148.58288944139704,535.9843995013644,14.201221606769383
T908,Route D,162.06904529230786,1183.5459863791975,22.977862393603527
T909,Route B,40.86050033048659,197.11833070434665,9.860382324552791
T910,Route C,35.16804608207177,1473.5308970633357,29.4172286617229
T911,Route D,227.10793376747947,1246.4259920046206,5.759502314904049
T912,Route C,155.0325524131964,771.7909543910798,30.107607565249296
T913,Route B,45.09706279485408,233.9621152178796,23.851653332943226
T914,Route B,87.44108880709875,189.739395391803,2.05199443474452
T915,Route D,209.65386195757875,280.38596036331535,44.73529273938161
T916,Route D,161.33521852613632,310.8365302656415,3.362932166066331
T917,Route B,242.40865621047703,1143.7496745481756,41.18444235688316
T918,Route A,130.16337459323705,1460.0428592416322,13.7323952205462
T919,Route C,52.223658965317235,1145.8101883923428,47.17521447303084
T920,Route D,94.92014603456322,1163.938167362173,47.98692613505003
T921,Route D,50.78755196944202,1422.9125145622318,12.733006320236932
T922,Route C,154.53280244874028,192.11504225079432,13.597662962084513
T923,Route C,152.77180348279447,193.98894284005587,41.010684604279064
T924,Route C,40.7237423234386,1349.0796198096648,8.467737362113706
T925,Route A,73.61905892676174,849.4666448227308,2.155387388878116
T926,Route C,291.56328070081696,409.76289755530456,30.975523752359887
T927,Route A,295.3776977985787,340.0948170769283,14.508157957110214
T928,Route C,115.93941229385013,930.1132231847132,18.965111930269266
T929,Route A,60.50404563987165,973.3034540545922,22.585365237903485
T930,Route C,72.74764940529434,1150.0927218587153,14.228749260653785
T931,Route A,42.800687478061086,986.9245600247549,7.460254424601801
T932,Route C,43.937910495105115,1095.1535252975987,34.559132944752804
T933,Route A,74.03619896851693,1085.3636005532574,24.674981544224078
T934,Route A,151.723768941142,124.77893240875062,37.35986630626693
T935,Route B,219.6033712096436,1081.4832937178312,43.71292262045029
T936,Route D,64.2499425544105,281.2556804897487,12.404126259205817
T937,Route C,136.74390179437663,776.0671141248238,43.16556942227025
T938,Route B,43.94908970913309,415.55519689068086,46.00268688048283
T939,Route A,194.05701782314708,1036.849472901112,15.692074550131105
T940,Route D,140.5988484596707,487.1252426310883,41.2986319307507
T941,Route B,243.8253917926714,1373.0500307172783,14.544115466982245
T942,Route B,266.89772557475965,119.42951669828052,40.50476139192981
T943,Route A,88.14245342691987,734.7589920643906,43.730732174185384
T944,Route B,132.2585556239353,669.8506293829032,46.52137164947042
T945,Route B,159.25159473311794,327.3784975178835,28.38633906016054
T946,Route B,298.9635972544605,151.43082134027665,27.163832559159143
T947,Route B,276.397642684541,377.263461327951,6.66403558913367
T948,Route A,291.5728275380541,237.96382655519514,26.81501399539523
T949,Route A,149.93613667398594,319.7448160704859,40.60441165566876
T950,Route B,299.8816045612407,1295.3122490027074,2.4203917232284535
T951,Route C,29.031005691179594,1100.647647880837,43.80161467977328
T952,Route C,290.9753839212638,255.56954487091414,28.50475998647116
T953,Route B,73.87005648313703,1357.0898469457088,31.551056542927313
T954,Route A,294.064488227547,1336.50782540307,35.57539420265244
T955,Route D,147.36138667101955,415.21582040651,44.70894864609366
T956,Route D,182.25136085404807,119.44236473289904,33.940044536186306
T957,Route B,274.0717892639956,1055.4719396125656,22.23588908940833
T958,Route D,295.60102435539665,894.9683695515187,41.50207504374703
T959,Route A,68.0544855896886,593.9306311768468,45.73981527366817
T960,Route C,190.5192766520713,119.66517962351027,30.57558764640904
T961,Route D,214.0016372555772,238.5174870598421,37.19065946432295
T962,Route B,218.28767816880367,921.6947735635331,27.412090303834855
T963,Route B,78.86980472522725,1023.6938934065803,7.108434906011776
T964,Route A,39.605173148017194,349.3081412156711,30.102117764779166
T965,Route D,125.34743887326411,699.0380371316871,28.209968905306354
T966,Route A,247.25813760896835,1318.515251471237,25.014387909704165
T967,Route C,291.7784974322277,398.4400028177403,27.964535396878706
T968,Route C,144.4945591899163,1319.398522685887,17.59788548771741
T969,Route B,275.9798896494343,468.3520844192171,38.866442317501445
T970,Route B,222.2465180959334,1294.5816037493269,13.183144060113252
T971,Route D,53.03825335984056,888.0019303697328,21.874715492486
T972,Route D,116.7224790608454,1142.665948586719,34.822477492634995
T973,Route A,228.42870688163282,543.6662007117511,27.865490673810623
T974,Route C,145.22491917336114,251.665642241915,8.003171554767448
T975,Route C,203.68608515243977,265.65338083493145,24.789822638149722
T976,Route B,232.69262803045456,288.7133420440725,36.3580375553527
T977,Route D,294.6778320914313,341.7968617621813,5.237678013115934
T978,Route D,277.09183528217073,1329.757320418732,41.17646309972179
T979,Route C,116.38834880150813,759.7913985768776,25.516233614774343
T980,Route A,244.7681643892957,370.0574561729833,26.300619395102288
T981,Route A,124.2996225841294,960.061538474078,27.944374934432343
T982,Route A,200.95694221457865,171.07460893119247,13.204032942619959
T983,Route C,37.25310417294054,316.61009103235904,19.51518061179361
T984,Route D,239.5406582908665,852.8337244435426,32.769086795135735
T985,Route D,297.5304036137564,752.6861561953363,20.169681436820746
T986,Route A,170.89978000224724,372.5883754859506,45.142109723465076
T987,Route B,281.1120014292213,118.31940536420784,43.69180149917952
T988,Route C,264.3625194520182,922.7150898385984,10.095924974712563
T989,Route C,23.22919713306949,1334.0546162653532,11.134122006751879
T990,Route D,45.08602043409583,1164.7751951272548,20.906974051083257
T991,Route A,142.17098935418488,341.88220579816084,28.82495168828497
T992,Route D,94.06226748241829,1061.299731241645,42.59085757682851
T993,Route D,132.66352299408499,385.6297660431363,7.777163230293706
T994,Route C,162.96922277688228,1158.7991304002182,38.58715592809087
T995,Route B,153.72094535360765,1145.5436139781982,7.5860655903046545
T996,Route B,65.451458334081,370.4689543699922,27.546466494384358
T997,Route D,61.556922084358305,78.6617683720535,28.65947056562056
T998,Route C,135.808886314843,808.1225006751606,46.34456960359204
T999,Route D,213.4556533542642,965.1296053411313,36.5844630049937
T1000,Route C,185.5582343265106,446.6347325602333,35.27431836322339
